temperature,vibration,pressure,runtime_hours,failure
79.96714153011233,0.4576240317977297,26.60752634756389,1947.9762421931407,0
73.61735698828815,0.4546585891616146,28.472502684731737,75.53722793852191,0
101.03458315174512,0.857175364117985,36.820865742754236,6399.389880897794,1
106.69309816296752,0.7880140355083247,46.49428982958602,3839.5754542433574,1
91.77567598668531,0.9428674432700543,45.53197894963848,5449.934402653795,1
72.6586304305082,0.3725767880923205,26.144789214293976,299.5235050168188,0
90.79212815507391,0.6048482651050593,35.00410248884207,1137.2905523646032,0
82.67434729152909,0.5487774821084338,26.091639638265562,1296.899976105903,0
70.30525614065049,0.4265766678028962,25.761863937515578,1933.4574731939401,0
80.42560043585965,0.4858470362662153,34.09297309171607,4014.3318619877305,0
70.36582307187538,0.6598321807641033,34.60968189003808,1932.7893686574632,0
70.34270246429743,0.5733547813505866,34.25704968381327,1023.267648231635,0
92.8665417271375,0.8348050502506281,29.090384446416632,423.72826838675394,1
55.86719755342202,0.47623166830390157,27.670245109639747,397.45874176343733,0
57.75082167486967,0.507660907045166,34.114942960016606,3800.236029804887,0
69.37712470759027,0.44882364420576965,30.207709202819473,2224.014955183165,0
64.87168879665576,0.28952504942809854,24.63153576901268,3630.905610000076,0
78.14247332595274,0.704217791053473,32.29158969562721,3411.4356088184877,0
65.91975924478788,0.5155324999199401,26.425963705042648,676.812308801289,0
60.87696298664709,0.5398147265122537,38.97262424196106,714.439670961336,0
89.65648768921554,0.49420922501230913,37.724207312091295,3776.7100771706696,0
72.74223699513465,0.4264883199275412,33.020487131777834,3606.341467427086,0
75.67528204687923,0.4814075519051229,36.80503352384887,1890.1538343715517,0
60.75251813786544,0.34006052378056884,30.323956750616905,387.1113166642004,0
69.55617275474818,0.7277086498053305,33.82718747187508,60.490108492260994,0
76.10922589709867,0.3765488001577604,37.388601476510374,1440.7847473087243,0
63.490064225776976,0.39680337161528206,31.227493408971565,46.111367936134684,0
78.75698018345672,0.45597407956135994,28.72406414242858,1150.3631055185172,0
89.19914552121256,1.1310829053523026,35.13048075412109,3073.96107344232,1
72.08306250206724,0.5014508999262655,29.58433237139253,607.078826559771,0
68.98293387770603,0.37638642039695375,34.11711592281156,,0
93.52278184508938,0.625433836075734,34.72816713783815,4482.187178593683,0
74.86502775262066,0.5731000626785482,32.52182532859205,2927.350145114446,0
64.422890710441,0.5538434957216453,27.2935045251888,4672.278433813907,0
83.22544912103189,0.571573424117084,20.115892155262046,1729.1308189283961,0
84.58578541325878,1.2556515781437978,36.98568685999754,4468.326233298824,1
77.08863595004756,0.7185094895036113,28.478275644730243,,0
55.403298761202244,0.4313284656996705,28.43535516404993,3091.7015863997062,0
61.71813951101569,0.6623884992811152,33.092781784889624,647.9286500499221,0
76.96861235869123,,39.928382055074195,10.403195881428795,0
82.3846657999541,0.5499095816137749,30.617646009205465,4657.659007047895,0
76.7136828118997,0.3307729168356671,28.916341054217693,2774.4718808760467,0
73.8435171761176,0.48296142346118043,28.703890934979537,4634.703313910198,0
71.98896304410711,0.4187176409663435,30.62192383453857,1669.1576185103602,0
60.214780096325725,0.5828058814893309,25.858531198258007,1638.9303458087838,0
67.80155791605291,0.6071080500402806,30.600992793730274,2003.2750088651585,0
70.39361229040213,0.29255136489836886,32.254061681658996,3530.2049197908414,0
85.57122226218915,0.49779651359957294,31.04843031787244,2829.043170930871,0
,0.6121861504794253,32.28770967002391,4626.77453549559,0
78.53772531464345,0.7973643791510368,43.884042835658704,160.70219142219915,1
78.24083969394795,0.5729063645002365,21.14051658876778,3540.9796898626823,0
71.14917719583684,0.5351165467627084,33.18435079197702,1651.6384468327717,0
68.23077999694041,0.5341660231952626,26.64492577168773,901.1682590923059,0
97.81686923004361,0.9506781987079892,39.51504138314833,3679.5773078517936,1
85.30999522495951,0.37834191958642904,24.47774086072502,2525.3189208999797,0
84.31280119116198,0.3878469852574973,32.16770805236265,685.055143442142,0
66.60782476777362,0.5709352514455317,28.887125363875736,,0
71.90787624148786,0.5019458255518883,21.590156080072944,2040.8233245077745,0
85.01451387432165,0.7560997351492558,39.594189743371174,2617.14665876959,1
84.75545127122359,0.45761099576776476,22.801959346005862,1587.7906980984235,0
70.2082576215471,0.46948111545192484,30.699106792591053,742.7257575499046,0
73.14341023336183,0.6046911794488139,31.19249462836527,21.86839550489761,0
63.93665025993972,0.4664755918131973,34.42788540847523,4851.175312140103,0
63.037933759193294,0.36589352866984315,38.90842393233426,4717.4961485196345,0
83.12525822394198,0.5743651775540173,,2418.251895880676,0
88.56240028570824,0.4795123336135283,29.737630719684752,4975.258766375028,0
74.27989878419666,0.5031395865532776,28.618323524778912,3368.271653911216,0
85.03532897892023,0.6607578306399511,32.16874842980481,344.2876880377077,0
78.61636025047635,0.49794394426494926,31.07834385466809,588.5909954131369,0
68.54880245394875,0.5289183673118726,28.2372687863169,4580.554219348189,0
78.61395605508415,0.38210765087016746,27.795489056945723,3150.2610107481423,0
90.38036566465969,0.478033054764904,24.41774572407976,4215.918133286756,0
74.64173960890048,0.5609526045208602,34.93930791203255,4491.348248169222,0
90.64643655814007,0.3444626266158758,32.296020907997644,2239.7100564119305,0
48.80254895910255,0.5200845093115709,34.58884098897569,242.6297578834652,0
83.21902504375224,0.5100791072644806,28.448019317622432,941.4017444866101,0
75.87047068238171,0.504128745558744,26.71582265652785,,0
72.00992649534132,0.6037158898658244,24.60842466685386,943.6992284925366,0
75.91760776535503,0.5334438514848522,31.794587918703296,2052.664632279384,0
55.124310853991076,0.6478071898356444,24.801033877358826,590.9840525749271,0
72.80328112162488,0.4006410484405964,39.24331534483275,833.6662390267163,0
78.57112571511746,0.5135924567218348,23.4617870945328,2229.1089103583963,0
89.77894044741517,0.5084466786389947,31.36830059606251,1700.8547519424478,0
69.81729781726352,0.393074550624492,37.834273536068935,2338.290620940205,0
66.91506397106812,0.5956295002091346,32.995448796319046,2145.8601387953104,0
69.98242956415463,0.7324673305852818,30.878368562458895,3222.3901298994174,0
84.15402117702074,0.4982993925516169,25.15758176519052,4685.947744379272,0
78.28751109659684,,23.091154057161482,539.3216922212124,0
,,33.85025054458793,496.30074654597456,0
80.13267433113356,0.4286415330092824,37.53073620387473,4264.03055545451,0
75.9707754934804,0.3179239722197984,27.80575004760914,2531.9835232622954,0
84.68644990532889,0.42942265169046345,24.304692461918243,3832.025117842211,0
67.97946906122648,0.3608041619048269,17.709152847254906,1077.109518036407,0
71.72337853402232,,25.09617578168731,4144.312865837759,0
71.07891846867842,0.48848903060767607,29.4317157875048,4619.233120963479,0
60.364850518678814,0.46540806709528293,37.99561620418367,3177.415077732441,0
77.96120277064576,0.5889153824787806,33.365668461164844,529.3951073690112,0
77.6105527217989,0.3878248897144112,31.525427023533766,4476.4740707816945,0
75.05113456642461,0.4233135961995448,27.999401693494345,3962.4386368503565,0
72.65412866624852,0.5068072269248621,27.08417141372022,3754.3888825724493,0
60.84629257949586,0.6028768991423481,37.02823798753982,183.6409445295778,0
70.79354677234642,0.5501685045168788,31.00369270379195,3994.812626284856,0
71.57285483473231,0.5248325142515882,19.48699654039489,689.755052341785,0
66.9772273077838,0.5078117735236016,26.632301760513787,1111.930880984442,0
,0.5400235855526775,25.708919841141867,2885.6741743462876,0
79.04050856814538,0.5201652905129255,27.268679954112677,1324.9038645844153,0
93.8618590121053,0.3970027725223064,32.81455330142543,3306.7410315595985,0
76.74577812831839,0.5046079221633152,29.462775591028752,3040.352238495408,0
77.57550390722764,0.39263113410822476,29.61567296498169,540.7479900663132,0
74.25554084233833,0.5081082542900823,,3280.0728979575315,0
55.812287847009586,0.45193520585117586,26.51769455106656,4619.77454912465,0
74.73486124550783,0.7539381622782861,39.32099762943675,805.5495259291656,0
75.60230209941027,0.4960105616248288,26.64346204314457,2985.310104714437,0
99.63242112485287,0.3595760433738411,30.445990983062856,1709.3268596834705,0
73.07639035218878,0.48658197893230754,28.593982022986165,2298.0583588680197,0
78.01547342333612,0.5519358745637888,30.617095667504806,1435.0008953948495,0
74.65288230294756,0.6673363946152524,32.22295997536565,1770.6531817384764,0
63.31321962380468,0.44105476000612814,32.16917620044438,144.5591163327864,0
100.08009433533893,0.6298525647727518,35.60235493378595,6835.461650419889,1
82.51933032686775,0.5816837011430981,24.385426612762146,3123.9996103637413,0
82.91031947043047,0.36194012941003484,42.515858954528554,2503.5279524694265,0
65.9061254520526,0.45638445584925147,27.580078301997233,1918.5767475016335,0
89.02794310936099,0.4742379514489006,33.49606219335993,2696.872794120138,0
60.98148937207719,0.4930366546699892,21.961793447384018,1900.52999357902,0
80.8685709380027,0.5689164457074336,28.601936400476617,1799.5396374683664,0
96.90455625809979,0.4316365717713612,29.364003080087784,2319.7327086100654,0
75.80032772866528,0.8595381241530126,42.98377518715401,1855.5658194116997,1
69.33702270397228,0.49857296470506113,16.387729295040305,900.2494998339272,0
75.99651365087641,0.5149597957518788,30.830703065391653,2783.0294909014674,0
83.9118881544175,0.8188172826687274,31.1353294825763,6221.215881951099,1
59.493365689338674,0.543600577522258,31.62172855597462,764.1408886294615,0
75.68562974806028,0.5843839509641737,24.818354015809184,163.67170302109324,0
90.66260440404382,1.1540167248430955,30.262255596934118,1549.7042722539575,1
79.73592430635182,0.5453585523509219,28.63186194803366,4898.603217269054,0
65.80575765766197,0.3417776833253522,24.738352651984023,4143.790368716696,0
90.4993440501754,0.505022769916568,27.622327766323224,2979.330267642983,0
67.16746707663764,0.5479507548001609,24.033121157283425,4646.244576215679,0
71.77938483794324,0.572894119457045,20.834147741506364,2226.395584186223,0
83.1351721736967,0.4307649225766206,35.0897852621468,4916.4030128758695,0
62.69135683566045,0.43409607251113547,23.519756535880358,1481.5102255964202,0
77.2745993460413,0.44258993247164014,29.10659556196008,1201.5287475796954,0
88.07142754282428,0.5536413899891344,33.76445540746892,3190.241005735055,0
78.76777124584106,1.0919881029699043,44.10076264634583,2731.9376422658656,1
,0.4592539892708398,25.87417050127231,3131.827709881289,0
77.59882794248423,0.5907962313627049,31.131190443337108,,0
82.81822871777311,0.5123479809164594,35.58966911363576,3089.5912841899553,0
62.63049289121918,0.4875714222837564,24.153423674567655,1378.7313029251818,0
61.795433869157236,0.4788615770182031,29.249260839912804,254.8603440944497,0
80.21941565616898,0.5746611364602157,21.33752702516336,4560.679509615917,0
98.9206627047094,0.793654899618389,41.15984466311264,5310.353624662274,1
77.50492850345877,0.7275825427647638,30.17102342269038,4853.99074636336,0
78.46448209496975,0.4147775357002676,25.726876791224672,3582.6358811070236,0
68.1997527842151,0.5518101702029976,27.715040830873843,3413.6058886765145,0
77.32253697161003,0.4470798990188487,22.958866158462747,2795.0153503741535,0
77.93072473298682,0.4130713013011356,30.385393056907468,629.7120817626134,0
90.41595204404513,0.9518215844694788,44.959449390245226,1373.2907572490674,1
93.65774511144757,0.5137352479407036,24.514280651147683,1447.3484433626809,0
79.73832920911788,0.7918173555060093,26.886641167238086,4450.781812866971,0
63.08696502797351,0.4815854184316798,32.51273123227091,864.8476230153757,0
81.5655360863383,,,4614.365872439454,0
65.25318329772679,0.5273010717494385,22.534050938955343,2613.928665257086,0
93.93401316209227,0.6717228879909127,47.58793008565897,5118.44939018327,1
86.58595579007404,0.4908043217395734,31.415654111597625,551.2224334028326,0
66.7931768164829,0.501602528229516,29.48971804685576,1345.1677438795546,0
84.63376129244321,0.5794600382945212,17.616039665614565,4792.593040907132,0
79.12780926936499,0.5973622249427847,32.50545004654386,1330.7497346486568,0
105.41589490429676,0.81991071693377,49.04728937726022,1967.351124806673,1
93.96792982653947,0.4849385985370067,30.58330875584752,987.9869242053974,0
72.5461188399713,0.4233879169389329,24.844469733528683,645.3683265341475,0
67.4626383564251,0.3871937445192306,27.434363768178585,1166.28820726999,0
66.10485570374476,0.5309894779380635,38.84956533827797,3211.634459753992,0
66.84189715034562,0.37264144514034003,34.549812704302795,2276.8386675178176,0
74.22898290585896,0.45853730994281366,33.20013309192164,2768.779181689493,0
78.41151974816644,0.40048260401007624,31.78206291767188,611.8241438301214,0
77.7669079933002,0.554968318629026,26.694314439045137,4010.5822358145006,0
83.27183249036024,0.6801430099266488,28.997144096721158,3920.47350289924,0
75.13001891877907,0.36984120171966683,29.61038632160742,107.94955571337694,0
89.53534077157317,0.31469815171024307,32.74787158032222,1917.5754725515249,0
72.35343166762044,0.48751131146499327,37.54459447133452,343.85300985573906,0
102.20169166589619,0.5015697795957759,35.59169068396564,3960.52889707479,0
81.25667347765007,0.5218659306757297,22.903078221019797,3686.348415628522,0
66.42842443583717,0.4553679484765655,31.119974844505244,4509.94047146578,0
64.29107501938887,0.4799360701174568,33.683816725839485,1182.0197947655731,0
79.82472415243186,0.5367510410540602,33.094301650723175,2281.4794156389944,0
72.7653721467415,0.6040430892644839,26.8538311830629,922.4393858219887,0
82.14000494092092,0.3044951229681717,44.57054607884181,1856.1746723705974,0
79.73237624573545,0.4631060560968538,23.614577188344406,2611.21625783442,0
98.10448985322199,0.8081177882631145,38.92925603642534,387.2523962168868,1
,0.4082023895389264,31.16797540630788,3574.352053386926,0
59.851527753141355,0.67311696317673,40.584015274819265,2716.466801855376,0
70.53485047932979,0.4364590119771263,25.819025746479145,4144.7950860533665,0
83.56398794323472,0.4958707312992717,28.67085817176504,1358.9025059559863,0
77.14093744130204,0.555602209684229,35.386468365078464,4516.605526346272,0
86.94771313315837,0.7119080703362828,35.913967589226864,6752.801997791494,1
76.73180925851182,0.31534269521955827,28.32698072734852,4596.492191888372,0
78.85317379728836,0.4571345473083467,32.8281645094336,3889.4623791657705,0
66.16142563798867,0.602944055592704,31.362589951147967,4061.844014368904,0
76.53725105945527,0.46631048732148617,35.152193928183955,2868.7212127229323,0
95.55733081715042,0.8890208738506986,50.99318493793528,1401.6285423347438,1
63.57029702169377,0.5925672209502721,31.53501530002681,3385.2034257385867,0
78.57787360348283,0.4669225103976947,31.458663626891546,3563.7650102996577,0
80.60784526368235,0.4489839186349783,31.07055491143067,4926.925701339528,0
107.94262654264095,0.9374305478368609,43.76261009313728,3876.057744222311,1
104.22785778541744,0.9590150514857658,39.10611961011736,1743.930267316166,1
61.22330632042909,0.7381713531732546,29.996957588388554,3418.3626086975337,0
65.62174960084877,0.5827236107657423,35.98313560413621,4896.879098332273,0
80.1503526720866,0.6159839966388344,37.580580901775214,886.06954134547,0
80.1378595091221,0.44940338010121444,22.462235276832896,1629.9895926780134,0
80.15047686306048,0.39741318940305237,30.050105758702845,2709.4047688634055,0
113.52731490654722,0.5062331349619122,26.556527832773828,851.0731744100242,0
80.70890510693167,0.5107169915259596,28.445142667569637,111.10319759969178,0
86.35565640180599,0.39214872586354027,32.01258104867661,1684.9156122062532,0
84.54001763493203,0.48247054700959874,33.34719185771234,4326.854007505291,0
81.51391251305797,0.5399317601719131,29.439367781943275,217.34199661857411,0
71.84730755359655,0.536039339501808,20.433298326385987,2144.6452950845874,0
82.58969220493267,0.5504287853384272,25.174772097119103,3811.0038646304124,0
67.27174785462428,0.5290964730137443,34.48249835100083,4765.912984554427,0
72.63181393259991,0.44929913407299443,16.297867889825344,4927.376995022161,0
70.14636452170896,0.44860993733511567,35.93713575841,2109.846903043708,0
75.81874139386322,0.3801048602006124,32.606149953222705,4751.921471895587,0
98.14658566673509,0.6784775039185095,36.58088040765011,177.0948664043187,0
67.53626805805982,0.5571871117434111,40.207570764734825,4943.14695988772,1
81.86260190374513,0.4775146944205148,19.692972879885474,3213.7301731680645,0
58.87284128810349,0.40712079185475414,32.15181320753249,1247.6092879307616,0
91.03163552788163,1.2245179651893174,42.290818141180615,3434.098345422709,1
85.88950596967366,0.39266719677771045,34.623609027567106,647.7686888024781,0
75.64280019095463,0.45711520743939266,26.686542582559824,4357.985754757805,0
64.22255222070694,0.5415836836286061,30.433805377313234,1789.4904277282396,0
,0.9582832232822638,36.343599896639084,4296.3892017774,1
81.79597748934675,0.5957932055215684,25.90366767905314,793.8814314363113,0
67.69633368282864,0.6807608507769263,34.77694285589926,1030.8242231560355,0
94.49679115706431,0.8762043690354568,39.341365379301436,7237.665086781538,1
75.45571839903813,0.39439692000333326,25.530917847091935,3765.4319722066466,0
68.48399652394183,0.47430548748782186,24.47987183263807,4809.859348870354,0
96.43944089325325,0.5307832372513885,22.548762383504766,1479.2558260602207,0
98.7924055425632,0.9067232876340396,37.11654789776185,1196.038827024395,1
54.74857413342393,0.3602194521575703,35.80751524240988,2515.3423173941546,0
76.86454314769428,0.6202576505225228,,2473.341411136717,0
68.38213535231613,0.5179914369546417,22.47126099717917,874.7325687899394,0
83.52433334796224,0.583783053522948,34.19972269871014,3666.097847907051,0
67.07479261567299,0.4898005283364068,38.42850877017486,1808.8876721936704,0
73.85263558533102,,26.76878837926703,931.8261546525863,0
80.04987278980457,0.5750872779401333,27.60722866641141,1659.916972716442,0
83.65755194170121,0.5654431027105621,32.57830315041697,2818.293498175076,0
62.997035929442234,0.5972056965739722,38.109368738925255,3632.354660902216,0
71.65498764159051,0.49866953646213646,27.40082927137387,2409.454430287423,0
70.25054688839043,0.4400177976680151,23.337751095008976,2627.9749491418675,0
68.46670767426288,0.3441213004976158,33.15709303136203,694.729679713742,0
92.65454240281096,0.5819373268139406,33.9953403657115,4573.454623541161,0
79.04981710960955,0.5423889482443986,30.030657252176134,4643.620989960222,0
62.391160456649544,0.40342173671360404,27.209333701712747,3417.1329520900185,0
84.17861947054776,0.4461426326703376,34.97189365496023,88.15704467012353,0
108.74782635702836,0.7297877912675268,38.55309992108337,3647.850076923836,1
85.32465260551147,0.3517015568017582,26.157822415482535,3146.094860443068,0
59.80630034045987,0.4182317603394866,30.245473656528358,4973.27111479055,0
70.15765927133748,0.3866169643193646,23.24146233987677,4980.3347759739845,0
87.66911149186623,0.4587520988112063,33.4294522821896,4288.056176627787,0
67.92330534381219,0.4261302501670437,28.68883215308572,319.15496013056764,0
79.43819428146229,0.3372995079133251,27.821445838076315,4766.38195389365,0
82.74634053429337,0.7022590230569481,29.83562757423783,3063.3062357599956,0
65.73069528421917,0.625254073102923,30.20153849665124,4004.4338523958972,0
74.404746439382,0.4220980578480014,34.4746503078278,2035.9642484292679,0
42.58732659930927,0.527242139665361,32.95545265662611,1598.3473561729488,0
64.7561235866571,0.5417465089821295,29.217953606035987,2316.22072741904,0
72.4743184860684,0.6191085854773477,33.81834074859498,734.3725648441346,0
62.52216818035151,0.41813949733399214,32.00368626845807,1785.3306937665302,0
91.32411303931636,0.6092106783982426,27.867001818569815,4288.087498841393,0
78.7387541220069,0.7975227893069596,46.01240380741998,278.72791393818414,1
70.59955513303017,0.36641375958313865,29.258885555784396,754.3902341230224,0
76.30740577286092,0.5724136559314498,32.52630671587101,625.5807982474277,0
89.41273289066116,0.6290758424122428,28.16488692639179,2015.3777135011403,0
77.33111237725197,1.1529217820601372,39.156970531868055,6346.018802433861,1
86.63163752154959,0.38002747349097865,39.84378654716979,866.7896510569134,0
88.15233486229457,0.8842735231035843,47.070089604240295,909.6808503430948,1
65.18491348952048,0.4590198756206467,26.196996677874303,4575.278648880772,0
79.6210347426327,0.5783358710524031,32.854704969710994,4410.252584829828,0
76.9905969557347,,30.591750328275886,161.20184998277222,0
68.99783122841205,0.37372302243014355,31.957755876300467,3758.529800896575,0
75.69802084990019,0.42241251768335164,30.686706622825522,3277.328507382148,0
71.14686403138239,0.5078964045668084,35.94821322742618,3838.704049263545,0
76.13517345251248,0.43589187334616447,31.72810172325723,2472.5122739796107,0
81.62130674521046,0.565905434391342,29.689556508928565,4956.896092241478,0
90.86016816145352,0.6026894618257914,35.21095288491509,219.23509355481596,0
62.62184501173151,0.5599577541245355,31.16642520543936,1171.8579320190286,0
96.33033374656267,0.6618787639660868,30.60739289664529,1982.7299348680754,0
55.47912200477498,0.5415826629455343,31.57011301243057,2248.889707828516,0
73.48214904964416,0.37831032896598327,29.53195488316817,4606.837013497593,0
93.71947202769144,1.0543306825349679,40.93984506394915,3550.290737756443,1
,,36.58976208032258,277.5302988333008,1
68.77300480179406,0.591041849968557,26.244163901880604,2039.3148171283094,0
72.91877749642725,0.6573734216555106,25.007148067587803,2082.4520618453494,0
70.06999065341168,0.5456688010730399,23.04008356601462,4827.454692188924,0
69.10635243055789,0.35038411868353503,25.601413193077217,2995.985455105541,0
83.49602097021025,,29.12866482766537,3178.255355794694,0
78.57015485965047,0.6322744466885135,30.515587912228185,3566.265156256354,0
68.07090404739346,0.48308773143571837,28.643517184261796,3850.1965784106164,0
83.9959987543325,0.5079573534942166,18.22148254936321,3175.2553510124458,0
78.07299520876609,0.5758824416163609,37.87293178881171,1185.9717556696776,0
83.1286211883896,0.5696322862080323,35.43240061445191,4370.2295717058205,0
97.66320491956064,0.9504922850933732,43.11417891468152,4768.643505562488,1
66.71004989077927,0.47913316287795343,39.53745336276634,3709.3524254847794,0
69.3981895980303,0.46873315542676425,25.113179412581445,4982.783696173746,0
82.47293605123262,0.5857898825291343,39.438125603130025,4012.6326743165796,0
81.10370265433465,0.5553569531067793,25.17392961624726,4145.757015775766,0
74.79098406035853,0.47426999993822105,31.193689626456784,4757.027578550792,0
76.17327383308782,0.6082112312993141,23.63081337432898,755.6699992444693,0
87.77664895788425,0.48709658848702164,30.073470477721834,2488.6368823903395,0
69.0842861116417,0.41483378256656067,31.930832489991943,2902.835117953938,0
,0.4241029301096655,29.226548344327227,1646.3786461122882,0
72.97807347566106,0.4021259163690234,33.569387220450686,4197.016719472528,0
72.82318796772779,0.4727589983396313,30.495072247436287,3812.098108228617,0
85.9877685198719,0.6233724278336193,,3604.4153725406204,0
83.2541634898803,0.4194904818969491,27.165933410988302,4985.747198790834,0
83.13509636000639,0.5188475761018103,34.05456886307848,1296.9068670419526,0
88.05478807154329,0.4343310654372587,26.73128985096516,3677.2862583771066,0
75.21003841632759,0.47396909587285624,,2757.022374529503,0
81.81952971294965,0.34899587880147476,36.11355896415965,1564.9459124693803,0
71.89733243406543,0.4779461770843463,21.65643068826935,802.9343536156291,0
78.24166352488442,0.4806294620195038,35.664631936505174,4479.419185337736,0
73.69856945632316,0.5540287944035696,40.3021134922235,2977.2774135392265,0
75.96995964992718,0.522328091325537,31.260018806009644,4124.669188203973,0
80.95157025436913,0.3801607875047955,32.99542092647411,2726.7249200077244,0
87.0162813935732,0.9663135494462534,43.13312166950763,1470.3364762716008,1
120.29994763267153,1.06317412150745,34.00002105725738,2211.154195229942,1
64.93982618500299,0.5198393517177486,30.911401117689348,1907.6942123677327,0
62.85811387212268,0.4990817646614861,23.429002351884453,4864.674062518511,0
86.58110873500068,0.44822425527777804,30.693175142652255,28.1663919069125,0
110.83638777298671,1.0396330875757434,42.41226286931873,6922.153028397818,1
81.24119817052156,0.5475588435928582,32.580815114632344,4902.308175549153,0
81.2834550926428,0.32531043086544453,35.3271236179879,4980.753952650683,0
74.87753227153085,0.44612391626539044,,2382.9408945981736,0
66.02745628514168,0.47450530295964105,27.33696621663252,4819.044848104998,0
,0.5256170605694278,39.477536729956775,1977.9959092491367,0
68.22838288487888,0.6193311005927126,29.24835813118145,131.47220334193355,0
84.7511973341775,0.42282591854032175,,1121.7359318588226,0
73.52942618497862,0.4502038153182158,29.664949791373896,4726.481224686923,0
66.74502803207488,0.44874658893534497,25.891595868474887,68.8234666769999,0
71.78614158347007,0.41984724098954584,38.11764605445903,2729.9706771148753,0
79.12931454275625,0.4652813504887737,27.36149294039697,378.00794447339524,0
90.66379944175424,0.848203020479951,,1784.7909277653546,1
66.77779604433569,0.3946164504635654,27.746298613486243,440.4642535594333,0
77.43687211491913,0.5427814395152903,19.991469991372334,4297.643105565282,0
77.44966571108722,0.32980977699816644,26.743562675084092,2955.353548238529,0
69.9305682462887,0.4438662003557794,25.15935701073837,4510.532328591565,0
70.28961694381677,0.4670510699782014,33.08714315463662,3441.7659977011417,0
77.32049937357637,0.6674859672914065,26.632928802200638,4855.145656225499,0
60.51915658502676,0.4725197695247312,34.439019677894244,2549.388273802033,0
60.92536225623445,,36.992419965346606,3193.5529088143726,0
67.81555778747564,0.30011110931387497,33.905876681437995,2881.544099445283,0
72.86552848288153,0.5034029586346681,28.923058555699615,2421.302147233064,0
89.82538338525754,0.8890256158108114,42.647367946643044,5876.638557285501,1
89.75356216949552,0.5375455857627253,22.3750752992797,3222.625678351801,0
83.5765962320202,0.516757010580099,29.3311031373938,4006.561324277364,0
95.40516077347529,0.9425849587047571,37.89583537578029,5060.823875874301,1
74.80983792097311,0.4460408779262868,33.47163190574649,955.2258032764765,0
64.97470635362191,0.5894910556026826,42.86376194622237,3250.8176625882184,0
74.8148686400761,0.3367985114973583,,998.2400959066706,0
72.11341361079862,0.4095052167061934,20.04429925522667,2916.6023912188543,0
78.22718560338089,0.31929586050681835,28.193849035428137,3387.1734222315026,0
66.72769056447677,0.4725154699330208,30.612454626872275,4986.175357937934,0
80.19346514241172,0.49537387827336576,30.43678712630132,,0
90.32738913002578,0.511410149222652,26.345934371956233,456.2119705686046,0
73.91239851543142,0.5061883352887135,31.226458713184677,385.13348185615746,0
79.01711722098942,0.4072446669188272,23.787495815403062,1991.8064313337002,0
81.90143991711112,0.4809759155586784,25.275456386574664,4107.941807429069,0
70.98779528114164,0.35025533313942514,33.228988208018556,4220.281663935678,0
77.24092481810416,0.636322897513225,24.92168384560087,3684.8979786057585,0
75.12592400781794,0.4696373927101999,,4484.391209149739,0
75.97676098548831,0.4511113880956309,23.15268112671971,1614.2997208472625,0
67.26990216144533,0.6588940328444083,38.82412941895868,440.7732212614957,0
75.24510174258943,0.37577534664507706,26.128650387979725,290.76513994925057,0
79.9799829124545,0.3874412885968031,28.881667140982778,4260.663598096931,0
89.51143607795042,0.39037796751314346,31.65306630545203,3652.1814717684565,0
84.59270826085206,0.4932128618300518,27.17325023749453,3493.0765300556045,0
114.35867566070418,0.7148596007342372,35.113074740195046,2046.208809774976,1
67.3265243711195,0.5739675468117834,32.87678362260063,1899.525943091131,0
83.72320636720679,0.7571995317494968,34.803066162517425,4790.567644496596,0
76.83342005738352,0.2750567545799236,33.957487179864785,319.0237204896751,0
96.89802933217672,0.5608735589124417,29.14094768098663,3868.658684688963,0
66.91701714644849,0.44428694274277686,29.266841129781987,1548.1666185419656,0
66.60278157819224,0.44135848511112263,41.745542790125164,195.27309206278042,0
69.00607354555977,0.43802278717461224,34.74944534124646,3712.85055371228,0
53.76104275690193,0.40912303291920266,25.39088171839893,1654.5594283918729,0
69.74244978319238,0.6684524834603451,30.49994081882776,3610.7375937139827,0
67.40867338446301,0.5842297327013903,28.32428430610904,3538.2719155906007,0
76.50393786476208,,29.32332883038445,2673.9343771655754,0
,0.6351015752487,23.85252421145956,3886.865646052744,0
93.76170839215887,0.3487471034701124,27.940383828070235,2905.1916208562175,0
84.5042383818605,0.3669294868669074,39.05777886596957,1433.1842642413035,0
69.23096344337597,0.2822032267805312,32.89538150437752,3670.5765053220953,0
66.01585328651642,0.43005854598767124,17.5441929592427,2945.699079388618,0
79.91919171506505,0.5161698526704753,36.083617462489734,63.63640844960272,0
61.797667929793576,0.5102858577932334,35.4481476145458,4508.220888851547,0
93.31458765854353,0.514934191105988,28.203573478467916,2728.218091621567,0
86.79440120721287,0.3588943168933918,33.58631771891608,4343.1363273976585,0
70.30824347895295,0.5803154742614022,25.703003945914,4413.684194911223,0
57.868654709091224,0.5239627518238998,27.648721418668213,2224.8332836754425,0
88.53872374165412,0.5733054281465999,37.49273180334927,2538.2999822561546,0
73.85460154747382,0.31072378224099484,28.641349800651458,2078.7719383780095,0
,0.5311490858797789,20.651341690225046,2247.1838765402276,0
59.05572341205633,0.3812234760082473,29.683483886093317,,0
69.00624977046228,0.4602676747448638,29.607058035428217,3940.720069839555,0
75.05243699718183,0.5534364898636384,35.9918428468673,632.62838157789,0
75.46980593764742,0.5091093606255913,30.0716821108788,3051.5389077004797,0
70.49934528520757,0.4148460020220681,27.892088442798535,4979.533201931711,0
81.22849932347499,0.5006273156184419,35.22528072615603,2977.753506162429,0
90.85234022225069,0.7830699724311342,42.247659541505996,5787.028302786155,1
73.57620514978707,0.6150267395898297,26.249886592171414,3845.3073669058545,0
76.20295631711899,0.47947159805037487,35.77498780270809,,0
80.14438834058748,0.6118549944255326,30.968308822583996,1859.2465135197945,0
82.11614878088889,0.4473468312903957,30.014629833397187,3620.382108952016,0
63.75357908162131,0.44764240115934173,30.88954195705827,2499.9176580241756,0
59.65885829264378,0.42358132133621534,24.646658142917016,2852.85354565194,0
87.7767682189851,0.5876173931693075,27.361731119108313,3564.528951824188,0
78.32314011979592,0.4290568842671524,30.017913009163916,3887.875135195251,0
67.51513463443446,0.5644595432415176,29.0266815248766,1357.582888665357,0
90.51151975522524,0.461754760233071,36.362141914082976,733.9687971848147,0
76.15674634292859,0.302403670010838,31.087029263635017,1458.9732336186262,0
86.79297184063826,0.4429685932213534,34.274519613182015,2537.6916254603775,0
75.67518481410109,0.38208917856371516,30.046976772879248,1710.7065864851957,0
95.60747924881987,0.5033902723682337,35.28144241873061,2841.813794237969,0
92.55340842443204,0.380959226432551,31.98763878286577,267.32862062814223,0
72.51035851520926,0.5925975100714617,30.067102426942302,2548.752058068836,0
84.71570950954356,0.4908924139646973,29.933584555204902,1839.9245346885396,0
81.45375949585147,0.4822404005241261,25.227806868545184,2673.333774464412,0
88.68631557532349,0.5655892137787583,32.534578600681556,2112.666774424884,0
65.35076539419896,0.5963906934075862,29.798976327318105,1421.1292531877123,0
81.8605145999844,0.49799012482303484,27.490040199093976,4520.539527288179,0
85.58424486849587,0.42287997004507094,35.53230885406036,923.8249421067845,0
57.41260513576886,0.322603038388787,23.748919870525995,3406.8278779027983,0
63.16741487334225,0.431395024296482,27.887520522837832,4623.2235629120705,0
54.607678222398995,0.4382787753352038,35.138593743897665,2693.3497984271653,0
72.30593165555442,0.5107057452992296,31.577614704601267,4382.04244289741,0
82.17542255795962,0.4654853118861973,29.760705361736214,624.2573921664218,0
90.02357052096028,0.5687932972051428,31.255017715750732,2468.9438512820407,0
75.74094780419775,0.43870167287293105,30.897070855244205,2285.126402404697,0
111.50776304904684,1.0155409784090543,33.35769036136464,54.748165550325886,1
61.198985417851084,0.618398744319689,28.253690573260194,2216.286706796672,0
57.96617560644845,0.5341825213954966,38.08260827256875,1845.148781912989,0
74.44452301103381,0.49399624583114354,26.703379326114163,3348.9936388730766,0
78.84065448939307,0.4398055558064823,28.40849492947833,4691.648892882593,0
74.67305251905907,0.4366768603285023,27.291896183454064,428.9554413101826,0
54.325578999601234,0.4149386747048052,29.564923883409314,1637.3819335731155,0
85.29204184581542,0.667371736443446,36.86845003222634,2867.8486335989323,1
61.95530499495147,0.5755665838744315,32.4337075107903,2275.9268901719165,0
,0.4778111728707731,30.986567061451332,3874.048604211269,0
78.66598246096848,0.36502269306187685,33.86773807553509,2216.9783291672043,0
65.60120213672644,0.6768169293059784,24.7452941690552,135.8065072682668,0
92.99326099213452,1.0014515295148807,35.45328364106298,4582.70650178067,1
64.40786478111049,0.359305659948683,28.871386841939326,4424.148475728359,0
74.37320902726829,0.4558151072759176,32.278234550442974,2569.5235627483644,0
84.55142320501238,0.5110886382828418,26.033894013964826,2905.5426084925266,0
65.14273953664457,0.6704592093297377,34.57826902129172,814.6821948452304,0
80.04046515517844,0.3891887541741131,35.932077952588045,1103.2297233947852,0
69.69742381627559,0.5976040719355946,25.055638261822082,1175.8511956230589,0
67.07127167737656,0.6399486426972343,27.54563552553217,2153.7098744064765,0
73.92969640045442,0.437134569492543,27.34034245853954,4640.726104478211,0
64.64757677580626,0.47224863811397666,43.161931023387496,2608.9238335744303,0
69.46350694652818,0.396369075262623,27.850499473960568,960.4882260067632,0
63.021221074111516,0.4796538858919695,38.388127210780674,1330.4386793447482,0
94.6472513291639,0.4963410025657069,23.66684002446695,1920.0751486359213,0
75.35263551971728,0.565964999808237,25.051745169178183,3116.294878463997,0
68.00274492007415,0.6090183471020447,26.566977340758996,2200.165765020027,0
93.77795478389521,0.6419197722421778,32.54486835098378,2847.2270888956277,1
73.8767195030917,0.30326749357740057,28.660506329207507,2823.643001994974,0
72.79030400466777,0.4978755220723758,26.456108986392508,1209.1749747723275,0
81.14166700043425,0.529353752996864,25.90329203632713,394.5163629229109,0
82.57507710047305,0.5249417687685042,35.79235998236664,122.07157411111058,0
69.69498852389472,0.4673326752490956,,1256.2958173356353,0
83.18823859566592,0.8786764174378052,48.00811087719077,684.2334823093817,1
72.24948302848355,0.6515444808352248,32.61999477792164,1681.703192603834,0
70.22646848881688,0.8684919928538842,40.54494944364548,5453.190483911426,1
59.84808937801448,0.46266315749969156,27.514846546670455,3581.4716524341916,0
88.66874267444524,0.4499802182904004,25.234212476224542,,0
91.44967713501283,0.48301476423222695,31.814978517163436,4262.5012193973935,0
72.50963960443622,0.663673996183064,,1410.3381227213836,0
80.76556963055766,0.48166992904738026,25.030395354123034,4425.268765149828,0
78.11250154543536,0.49802056554792923,35.764566281024045,1996.195848345896,0
105.78880808455239,0.4517686429063697,39.50324520861044,2004.4665913331328,0
86.19574911434577,0.6098983357441965,31.966475690832404,2026.7580681276077,0
73.72082408519233,0.6959837254744675,35.53228576147322,490.47183120490723,0
65.44459559399574,0.5450613049431389,28.770758412780083,4877.452491655278,0
58.93553679742428,0.5082772903785425,23.31162906956158,692.5338891257959,0
96.8329786406831,0.9015220715285535,42.627237431747744,2363.9656097257935,1
67.43649254715697,0.2615693211214254,,1596.5016016337856,0
60.77746290402326,0.5745150864284817,30.358342769401222,373.39716408354815,0
68.53427115757474,0.5134166415995843,28.788122709474443,761.3006505593834,0
64.18451996385605,0.5428342050660725,34.811052892905494,224.29168092692908,0
91.87141635072564,0.4288537805916295,25.07133483286263,1462.0224678025672,0
83.81639756949451,0.4615543121022908,26.13109710554671,4333.284620144533,0
74.92027358683383,0.4588975063496827,24.95946746619786,1697.2110286869224,0
89.79944138890026,0.6021622984073038,30.424864813179138,618.459160336896,0
108.46147862975637,1.2308706964895206,33.676413405112754,4617.114285542785,1
66.38715798671737,0.7082660322109797,26.578789097423783,4983.004560274552,0
90.23124077269657,0.5430862419015038,26.47122218886401,1161.6189476596378,0
80.38910043684659,0.37243173400042684,28.69695833833021,1397.8550268528472,0
64.62753845673544,0.4871453706748043,22.563127767980117,4859.2352714039425,0
73.09661321916391,0.43483248778435846,30.436024960186334,893.8814377524357,0
82.63168747754634,0.6075761548241605,46.073185980479316,3131.9968178558447,1
61.172002690356635,0.659947094011379,30.67745686158381,1198.2606650804744,0
84.26177547531641,0.5703142542220004,37.70660572400661,4661.759489506219,0
94.0941664047013,0.5533207317899312,36.669990929384625,4907.60507288147,0
79.358862706189,1.0590297336938537,43.35935248418035,5503.527495373891,1
80.62969236690572,0.36179824313075626,30.37342921318443,1573.9190790640528,0
68.49357430878173,0.4516382860444563,30.112501941227197,2017.437376402525,0
81.27685354595042,0.871747336846266,47.963034666449914,1698.9372951137427,1
69.07606075761132,0.39487799702174975,28.041646952479837,4453.789835044958,0
66.36009230320184,0.24682306837491863,20.58739624266268,4572.791388440791,0
75.48521627944827,0.4772893992219074,32.460020270514796,2094.353311230236,0
84.1420164914102,0.8608741046092885,41.75041153131315,4834.8029504259275,1
77.70456825779839,0.5135563416414709,25.189293859048078,827.7658988734693,0
74.49761890550863,0.5728518643514536,30.00111973997894,2174.679501817045,0
72.6105195313359,0.5637605812231209,29.52437561223265,3157.495533367488,0
65.92436337958402,0.5258769805243921,22.939621968421847,1927.0155925900979,0
69.23228669431667,0.6195531388086709,30.8274578206657,1787.9976284322995,0
82.55391225825755,0.3481030219186685,34.830698304305244,4.994961334713333,0
80.00917187624381,0.5504581814477391,24.358292148671087,4021.4673188855704,0
65.22444755201448,0.5626538363336943,36.362416654243795,4446.688060107241,0
94.5264774778073,0.8978886774038899,32.79761887022255,5987.24280502483,1
82.5138712337179,0.34971293913176105,40.58662072185477,3596.3569253460773,0
58.305947188786284,0.42540578735243983,27.943697847582584,2743.9615618494227,0
80.43360192379934,0.4338458557484708,30.728084984134455,1346.4225990435468,0
68.37376241054153,0.575341946350243,20.53983213757165,4996.497379817492,0
80.70598668593159,0.4385461216308905,29.689319667653457,2948.7642726605277,0
67.36740843457483,0.4143651481718796,,3405.7703616522313,0
56.95117899335481,0.4388366263305441,29.569189479502526,3412.0308097765883,0
58.72457562116837,0.6118632334154211,,4226.258978785907,0
75.48084946661382,0.5013043374376952,25.267177407360926,48.36269423459605,0
77.59722501721483,0.4820748974643088,35.652633097686554,1101.2347021568592,0
65.95683374895592,0.4889994501298949,30.15403567498975,3327.6700008500698,0
81.38592458777374,0.6292060334326522,37.70376188258386,4475.728684122839,0
58.3847993773104,0.42508282733967584,27.367588226025386,3426.6939096067813,0
87.75031282387876,1.0064196120699611,42.283279352128034,2595.2989005292156,1
62.889838002375434,0.5210496298921503,34.077971222980814,1807.7774793513079,0
68.4816389219784,0.48395806180246526,21.88512518998218,3689.7400414166023,0
75.47398671316414,0.7500900497934282,23.932683199235385,3706.1884856859674,0
66.39586634716048,0.39443605102014034,35.48742485676582,3035.2899625284517,0
71.15444455770175,0.4646314240432994,24.140330353884025,1457.3351204866851,0
85.0629280921444,0.3767568760836,20.90474492348726,4625.774091952718,0
69.23108130476851,0.5952461970536169,39.342635940365454,2759.399710593196,0
83.35692112065142,0.668918893365168,23.030911760628975,3952.4617812416527,0
63.702931453423815,0.6669922781404639,30.92059699164085,1071.5413108091582,0
80.29804177915283,0.6223948753146005,30.345425963621356,1720.2039430736393,0
89.41568620657901,0.4802379532204034,15.946858416909581,4372.897581936712,0
50.283554998727105,0.46347590225101537,28.663414884160957,250.53514969984204,0
67.03104744529523,0.33288302275059345,32.24206624739555,2561.5765562833103,0
80.7707212718054,0.7035873535181792,31.771546907594303,2408.527399220045,0
95.75530986227399,1.041677435698137,40.61235905328328,4716.054217229548,1
78.71145873371309,0.45080430951305167,28.06254342547283,1409.468852996662,0
68.9601481328418,0.6328056888986968,33.562522210460806,1095.3341092979974,0
99.86005504609642,0.8700506528200149,38.72148615655581,6288.587308640956,1
73.44322764607921,0.5406622034222675,22.947662917936125,2858.548259792324,0
86.67782061659807,0.4827370865709165,23.511358121593837,523.4478414182724,0
77.54420843301213,0.5638677139880302,22.689447724022926,965.1808110716054,0
78.37602662075201,0.49364264608138786,35.04792983945597,4994.1302975712415,0
70.88123033877532,0.35490721088887756,22.427132454707216,978.0449812609621,0
70.12393775927507,0.5075576372670038,31.370194203246516,,0
70.6744181218038,0.6048864141875362,28.670379029637836,2100.6403949780906,0
88.40802995009767,1.1351064964374684,37.48656489616626,6037.34655043629,1
70.79015519179737,0.5775115121589086,36.8180364759985,3775.8429614766387,0
77.89774856896413,0.3954470514325947,27.807863163923635,2984.756981309079,0
95.75400798645438,0.4973739206730148,33.05800780774842,53.69490898991247,0
83.71124703431693,0.4375489544911423,30.18781675690556,4398.976037467298,0
71.73976467832159,0.574698084010471,29.23990547183651,2223.337354193581,0
87.01213922163944,0.5031491562261996,,4657.888265092883,0
70.91924626978448,0.5690073676336612,22.79329127142315,2477.6950642710062,0
54.61875464822146,0.6087710426157866,36.445659177187224,3471.1224459136274,0
64.91913689082595,0.5691618575121389,33.28203282744986,346.46324733321075,0
56.29208078974145,0.5273118434293644,27.60237502684108,3725.758267633929,0
92.70718887634314,0.7777912990307227,43.07248011874722,2230.9434884281186,1
75.18418379189552,0.49972138893330986,20.759449438057317,1756.7950716589044,0
105.49318544936585,0.9311349546237054,30.28586340636855,758.9839491321997,1
78.26927373764163,0.46559360432957736,23.95758897865462,734.2857432010113,0
72.80899471191135,0.4625465849249749,32.0604173243573,928.7952810310506,0
83.2940558118349,0.40200744252177556,24.434679494064113,1641.0308428571118,0
52.88864690992115,0.304266141086601,32.165319733706596,4459.849563878027,0
,0.43318569516722333,29.06781792089223,1841.3011911504025,0
82.70865193886966,0.5193379451924159,27.60323028671958,3621.813532816092,0
60.214137542201584,0.365182295457251,31.94323623016655,413.73751944935697,0
86.43754043206928,0.5015682236471625,28.65689188030968,2955.493996359963,0
98.25926108721481,0.967733566966507,35.280021988410056,3425.455806832506,1
70.84712086099199,0.602305655525224,44.00686494817489,,0
81.32781866106285,0.664354150912053,,4231.038849394815,0
121.12050898268967,0.9785242851347336,31.98060784894689,3197.9813990873736,1
91.93580015651332,1.0171117176694076,41.32922150227625,5788.517900965608,1
77.48220586300336,0.42760352695322124,23.663616558136347,965.1937064688876,0
70.40639100459757,0.43556597329780156,34.13072808020258,2811.6816369588905,0
86.84046609120972,0.6392971526970652,44.74205564009334,514.1866189736288,1
83.30335816544246,0.6186145474042299,31.993564008951722,1740.4451612584155,0
66.43916174091133,0.6540323979819886,28.14988767081378,1129.3109081108516,0
75.71566237219392,0.444682275465273,28.603248764715392,3594.5490766260546,0
70.22342553234883,0.4746048293602765,28.145344481961658,2450.453456071807,0
79.78979825746391,0.4246137886309038,29.59403407932265,3755.3523942400525,0
78.33662105286949,0.5382653551477492,34.176667176824175,2576.477188157228,0
85.375399442579,0.6124932545303241,31.68037706252673,432.42221075819265,0
69.89983601145254,0.3257228026118959,32.50056414810433,3676.8382486626338,0
72.30125064706628,0.5409438530642252,32.497794541246016,4166.146319939028,0
83.57919583248898,0.8318798464733046,41.94536994600447,5589.66200049721,1
70.55706739923889,0.5113394391966689,31.440750207701274,2859.959726533541,0
78.77300493044852,0.5458994001674291,31.794240363394593,3767.9267949974756,0
82.56988616645351,0.4811797561227179,35.944031205965786,3760.2216844131353,0
65.77834675822375,0.48964131465942196,26.67477040998444,778.7487989947217,0
83.6960592010566,0.4786124832445361,25.721287100242463,,0
88.55637858804951,0.5970316201788282,24.07039200406572,354.4275290456306,0
79.13434903223701,0.5418759960127497,30.91457281810128,1599.5681757015072,0
93.76795812558066,0.5220583537737361,20.731338793904385,2367.5429387053227,0
67.26210800896428,0.37290482789077173,32.31077048029839,4989.489263771085,0
62.55345296688583,0.46214202567868456,29.454034527497235,2154.966710340848,0
78.65564988706717,0.9017866829476291,46.47623983662322,4636.234747320168,1
89.96044311489183,0.5037696573123923,26.640413447675048,3466.985131362673,0
81.54365656354058,0.5659531469589139,28.983408572912467,1022.4097512528979,0
74.44415329089544,0.6766511800327634,35.611016666466845,292.53575724718206,0
90.90509271382837,1.0589762044467042,42.533694137210894,3456.2963924975625,1
63.74510952701623,0.5093158337699742,26.5992381712409,3501.5279615723803,0
99.45751979616827,0.4489010829804273,30.9089061629358,4991.25895093128,0
94.33090503463077,0.5679400490250497,41.90604906304159,2489.822542092223,1
76.09394794604893,0.48316150775271477,31.86826702810574,4481.822810405483,0
82.25766623898691,0.4673987504183151,28.68712170342189,1909.6622793459323,0
79.81009231736714,0.5390366194395375,36.40691699061817,3447.058542152564,0
77.23884024279131,0.48460947730253123,20.551482581892273,2991.2646525852597,0
67.09525544554688,0.4679614940563206,27.89434882599458,264.8939665129846,0
79.71468357135996,0.3220601069492779,32.239653663864736,391.94213485129245,0
93.82024496475034,0.4060032170849933,32.28612405974672,103.82044862230488,0
88.45420046154977,0.5476651040800558,36.763795153073815,1854.1704229699474,0
90.93186626639397,0.6715907631132695,35.99112696600643,3729.0052438300536,0
69.88784323568815,0.49024746162543764,,863.7769699536135,0
65.1039517974142,0.5327811073574124,36.49935621765302,3029.264841919479,0
73.74213079900352,,26.429791281112728,1444.1389001553896,0
,0.418910606379975,34.65443691395919,3984.9631198953607,0
85.94191518470949,0.5366814043285443,39.05261239210496,3991.9807450149547,0
58.07535370285181,0.42595098936678416,36.074720534274846,3877.072574832118,0
90.29550319460614,0.5864824438491012,30.528851917620617,2624.1675690068837,0
73.4199210142101,0.5151403047951733,28.341106141139388,,0
70.7311893005258,0.529845181398144,22.35704351870357,4047.2202193931726,0
64.87895624739832,0.4217401402581411,31.55269818957102,930.5028096962076,0
58.451433281342304,0.5707032359610785,24.423913860145404,1448.7980101432802,0
83.23170583961914,0.7084712921231016,26.034326681930317,919.7385308031081,0
75.73317967188405,0.39920883045717936,24.046270996316643,3371.0508019382387,0
62.10039100258946,0.4660240992352476,27.698038336716724,3431.18014057909,0
62.04921227936384,0.5231607474168092,29.86015292756509,3262.549963933765,0
71.64215300709871,0.5786406211995816,31.368072905828527,2078.007334323339,0
91.69021525289392,0.4440453714710531,26.997466822930182,500.8550360071662,0
72.40408648636395,0.216696970985726,35.346418531975914,4555.847922575106,0
59.96857046881894,0.6359189494164025,28.95897371005017,2538.654820061191,0
72.54256935914056,0.5760506119584142,26.061387833672406,2034.8609745554575,0
72.2727643025233,0.3257052469513335,31.131461336217182,2944.124466241466,0
48.03113357058429,0.4392431208220444,39.817764167719076,963.9521790955291,0
74.45705133482188,0.6568182429527326,31.67580283267559,662.743895524372,0
72.69065469791322,0.6447796418457866,28.185721863131963,2027.6261072897178,0
81.96206364813418,0.5938640022678945,22.36269321940648,1136.1034704995527,0
93.48956094945345,0.48238875660401376,28.90293839513965,1221.4514726858229,0
86.26565029547757,0.508298741881251,31.174640625440578,4462.557438892647,0
72.3111130944517,0.48690741948738736,28.06209554372215,2653.7958859291243,0
63.934740912583294,0.6128239783268837,21.673076808795003,2417.3453216167554,0
100.7335980324986,0.41241575935048896,25.74717305248283,3447.3979686429866,0
75.59218434014488,0.4194200345115795,37.27269230443879,4757.740568383698,0
75.13929291912946,0.6010274586836015,37.170005018652304,560.9928223528204,0
87.22639833073875,1.0775311115793982,33.041969420313116,5969.1828135994665,1
,0.6378467355453808,33.36378393599711,,0
73.55639588076058,,24.107136076149132,730.8267690591863,0
69.26337993119763,0.4945221639661175,37.021581409974765,1485.746593444958,0
69.53141058759608,0.40775870151560467,31.226179239471183,2411.8070823236976,0
,0.5007362681423567,34.74820749308267,3455.8857228871148,0
69.56575228866235,0.3521453063001201,21.424533264087305,1213.035084767261,0
67.87154217322836,0.45123665790450374,33.38818550962444,2674.3940773379495,0
76.06430227691897,0.35637461350718824,29.96162968157748,3423.3581370793086,0
101.13265784500126,1.1597236314615504,45.31494695902977,3116.0869633531047,1
114.11080540258472,0.9912758338225864,40.73412026844868,6264.100944068865,1
48.49030191606988,0.32697372695156546,30.328923447373747,4347.295514202022,0
85.91506851922462,0.6333885745500573,26.995851804520427,2353.456088202229,0
87.4608519249763,0.7497415126419854,33.89848091089747,4864.628552044498,0
75.7969381697408,0.9639561525576459,40.47999719384532,510.652935364125,1
71.57312405919652,0.4358885739775355,25.636075232361787,16.811891614683105,0
71.28559134004209,0.7824330591003046,25.399238842711572,1903.3413190195952,0
60.924883052821784,0.3681031501697489,22.61417791843809,3005.4853068625466,0
67.22183312409125,0.5020106466869099,27.448544202184685,3146.0007872483043,0
63.894241545341714,0.5179622272631923,35.51346023037189,2382.228681469143,0
92.52270443423623,0.6345147620452415,30.889148998527173,624.4165662032308,0
84.35678393147461,,27.351161470384795,852.4876089394712,0
87.71555094994159,0.4501366104211548,34.0242796909004,4260.739919260046,0
82.21672064043236,0.40488156296120437,25.837616891383057,4339.555658696307,0
63.70948228782771,0.46581781797538646,30.476751371663894,3369.492689303601,0
88.27614798284824,0.984744826595167,41.585065102717834,4838.833333412101,1
79.89374561227918,0.5047825319784683,33.89565312794176,2988.4106401390377,0
62.778721911080545,0.44358038201395134,22.113858145402496,1014.6294285099411,0
82.12998430172388,0.3505962206710249,25.749011270926722,2141.253501299516,0
87.52065882285427,1.001472065372455,32.07465409283253,4658.517243310852,1
71.25179192450402,0.4502327476570961,28.70201639095365,2686.2613600166933,0
101.5819528883753,0.8194209010897461,45.34281879069015,114.30591084598701,1
79.4426331148604,0.48317408655124583,27.472763951732365,4767.784033600492,0
71.3903383418092,0.5068371565967659,27.446580309021748,4224.080262860717,0
86.59329803364248,0.32535332744209666,34.358622120920685,1302.7250705486892,0
64.18936672400102,0.5331647667125763,35.3427477922765,3082.2946758314806,0
81.15935606944264,0.39528424313097354,29.55714466365605,4616.196918640939,0
80.93101257968384,0.6711028809190788,33.42357427024946,480.05506056825686,0
98.11612994488394,1.091097090708753,35.13064076775828,3414.508113687728,1
98.62553824559951,0.9271896955076931,47.93966418958015,3303.5875460209254,1
62.488864236146966,0.42548322296826496,40.74353146968526,2051.0250264176616,0
84.240270192069,0.4895032292436376,32.60607895594362,4177.943044464625,0
73.15097863557011,0.561279074158329,19.578341893285998,1903.2307334872867,0
69.7727697948096,0.49745058714148005,27.208848688011077,318.31666620503796,0
85.49009225836889,0.4782841192863143,33.064126608346605,329.1887108215125,0
67.9565630945724,0.5058370290817895,27.892585014168187,213.72303262304493,0
60.91538703636441,0.43961410687630453,36.36099277125049,2045.727109370186,0
59.433708264760966,0.46567940731569624,32.94078632217933,3592.0313884917996,0
81.0600995134564,0.2914207561094996,26.467622496171018,1018.6123096525773,0
62.19570647503717,0.5973726230852368,30.161324053856266,3232.3426021577475,0
92.54794181984364,0.5298797780321762,25.53083389680455,3435.4423605185207,0
54.18070592116278,0.42265441559665695,29.08707560793779,1276.0106200779896,0
91.96456368290038,0.6898734981355239,27.22703379783724,3002.788280303146,0
77.11017467202619,0.5087016480392387,35.87380900116519,3424.341700134237,0
74.03286888129608,0.39638564280248034,40.580060284154975,2333.0681140106285,0
69.5508091319105,0.5856737421470458,22.844058333821238,1683.5829864004754,0
78.9913611435207,0.5398048216509262,20.383918568951238,3095.757757871637,0
74.62365297575151,0.5394579985484219,28.77413789074307,4889.235436640284,0
102.86831283642076,0.8002382779755206,,2932.395204706758,1
100.72811316531224,0.9949614371905271,37.42773664729376,2411.920883662293,1
76.50301761461877,0.47382417097789054,33.74468056902963,2321.334512130567,0
71.36387787786144,0.5555941451645843,37.47070948633412,381.0919672252411,0
74.43054376278933,0.30950555459893614,31.006972793576406,2765.8163983569502,0
78.0780176889206,,29.034223875752105,1643.486936086318,0
57.89831607343375,0.6722155097808195,20.10807541713458,607.1106116563125,0
61.518145778942866,0.42329325445996996,30.13092574592899,2331.2837055868667,0
82.43264094022715,0.43961617025068134,30.35643630274731,16.919932869887134,0
76.70865438127942,0.45520386615500247,33.19478407106373,2008.9262258137946,0
73.1601666364732,0.3785193864111357,26.457559492354545,528.6763396322525,0
75.18433933065393,0.2791719223771748,27.8247369988207,121.46351699890145,0
78.47581705361671,0.4769413601476387,22.609988723479077,4122.375231222511,0
69.60240319690638,0.5135859424081657,18.54353596557967,4581.244016413174,0
67.21695274597687,0.49474949314613476,24.457514546016085,1038.3732417955332,0
76.95845255097682,0.4855121438052113,22.148370928734916,2696.4913191713063,0
65.21627222384969,0.5043040870850387,31.683561477103055,1389.7907856549245,0
79.08252755714472,0.6022841471550764,27.409329716665713,2467.8871933609107,0
57.9741639576216,0.48095538140707833,27.308814349626054,2183.156604470801,0
85.29155637325644,0.442591742291273,25.07793476912394,1345.2552754024282,0
79.72597482413043,0.4718874515111914,13.837172837437834,3501.9678981764882,0
77.56029734313876,0.5579346759756776,37.54155374373775,632.4547966012711,0
84.82690983945514,0.641202687854325,24.99864738611606,265.3639108568356,0
91.65474444462576,0.43718562608308215,27.937899650750467,3838.377165186396,0
85.1437006501813,0.5098933787028884,22.725539173553447,3329.6501561033992,0
56.59125768668355,0.5338357441935959,34.85965171720317,2492.63062073199,0
62.204230332642986,0.4007421993271177,30.71714468518662,2338.948852362708,0
68.75181422304321,0.5020417167212918,25.868173573670656,2487.056897457131,0
75.26091050210833,0.3534326142657905,28.03885194327988,2185.1203804933643,0
80.17659020469122,0.3230949696260601,38.39089961062435,1964.4614791558956,0
67.74256186846534,0.5366746407892257,29.63515284059361,2498.453014430602,0
76.86766764477078,0.4616125258669217,29.09133231192047,2642.575855798802,0
67.44617067646678,0.5202280407621219,25.293092569303674,,0
68.88482197008052,0.49821050229916497,20.527094247638487,3556.0358036701127,0
60.93338903151778,0.40235999513362025,29.19980663210328,1888.145400700723,0
76.28273098639586,0.8535715463880972,39.654313603719295,2797.4825868399294,1
75.83262617355325,0.8992960728630096,45.021220467632716,2457.2741278079993,1
65.24126747022667,0.6390972358001401,18.757517327501724,2682.678868128552,0
106.79736125754057,0.6223875853046463,35.5870722906392,3074.687457191613,1
65.50601111168056,0.48042147290314186,27.09629454721775,4447.982315680968,0
101.32382064837391,0.39577284119527517,29.98259575713399,3481.806334582363,0
79.93317900880889,0.5570421173360796,29.274831542357887,4493.281918772228,0
76.84836123694873,0.4668568628718497,29.39155657156365,3545.684957797128,0
66.41642219818786,0.448133328037879,32.04048029284972,4854.9607426190705,0
82.00309879408991,0.5853201545051554,25.483534446104454,3178.6838912763455,0
69.24362173762226,0.5029430591677552,34.67070721116848,4817.750690815274,0
96.00987930663206,0.9869274540778709,,1025.3038666225555,1
100.60084538268795,0.4018674063482535,28.4008386793596,262.38840414701923,0
74.03940100275351,0.3595183056072493,38.00453995944458,2895.6259260192965,0
86.49273326285676,0.5107207962040133,37.78208017785883,4917.466028998874,0
90.29884384499044,0.8767049590154753,44.541265186018016,2906.6694954480167,1
91.3148214750019,1.0140633570818127,24.123130396781693,1355.412166746267,1
92.7080063563551,0.492009154733745,37.89472546358988,2607.70724596757,0
68.73032942212232,0.5205075339234629,33.973792612359674,,0
109.34597056217119,0.6227888841849456,57.61519862571028,2120.374464017034,1
82.07751935455475,0.6888436939614256,36.18732295866769,3573.8467924962974,0
69.37533224105732,0.4835758014967968,37.891713387486426,4875.572535228629,0
81.3240773905552,0.5697586970339199,34.3932742509019,4484.8156085530845,0
84.7255444962673,0.41639083297803736,36.74346599322756,1457.9268675609762,0
81.21809962217196,0.5308009902217341,39.9706187036722,1633.6184157229916,0
59.297752801095434,0.36971552364752547,31.082773691891028,1857.7061222479429,0
67.72862824175131,0.5452067838259671,22.13884727960935,1972.7638919682267,0
72.52481364448495,0.4644025915614167,28.46269549992429,,0
74.25566570899954,0.5029190503935568,31.949727996917183,3809.8141944464464,0
81.20672097550678,0.5697974030130097,30.37443792185779,1826.6963180535024,0
76.77701000933254,0.37674596887797196,23.76719016920287,4399.099883527261,0
61.64655641289899,0.43155082693872027,21.844661874025107,4634.703115600543,0
78.80197851005963,0.5457324281086765,26.294186656825854,122.15654653844055,0
81.10585745283824,0.7098221474546746,34.03869777992075,4942.515349641031,0
80.5979044793104,0.4861917665338518,37.90169885411485,3550.1136575009227,0
85.80780725554622,0.5591136117923933,34.582838068888506,2601.9611299648113,0
105.77335968604454,0.9814918584957153,42.63590441018968,2547.299326751035,1
79.59180079228437,0.69422455947563,29.59592213418221,2592.5906630485647,0
74.29834288541353,0.32527783330347443,21.28958771147018,1623.1236198922222,0
58.39039066484008,0.5094621044669359,27.723897095586473,3113.4390684827413,0
79.29618219132585,0.3374455966437939,28.706177940638106,464.90138222395615,0
77.07687687163111,0.2493428429463283,,3105.613014559051,0
77.71578837195374,0.5297462053117816,30.27347432687313,1376.7242506922205,0
62.232514241796906,0.5139497796147459,32.20709879946475,88.17414526173184,0
64.18943459591738,0.4715163062257799,34.26507594121749,2763.528830814388,0
85.53152853332904,0.4893805909960247,28.60940067816833,2892.238779263482,0
,0.8098299434071258,20.481202971777034,2132.84502355768,0
81.81500697372624,0.47418248619685655,27.585611403544327,361.4311627515843,0
75.28318376130461,0.5510124361250075,30.21855198495992,4466.714764020958,0
75.29756139495746,0.4350635180386119,36.11403961066704,3057.1540361394445,0
84.38283805975998,0.5295232575040603,27.160960789079475,578.566497844848,0
69.83955271782627,0.47617663249443826,32.56271814199701,2554.652882970738,0
75.96120776940984,0.45894815172702697,31.45043949817716,2486.2715797423575,0
70.37724711294958,0.6818898532200325,30.219502665616943,302.00934396463487,0
70.65503772567685,0.6177184963184339,34.65266659662296,3034.2985180147375,0
71.90827876531361,0.5136746647399231,26.695794016237095,4041.631994607822,0
77.22133771633713,0.2695788064056033,27.12406775178242,3745.0402712423906,0
70.21251378336522,0.46389907767474303,29.94049588452886,1014.8470708209168,0
87.55756125573521,0.7703027564405084,26.7992674745315,4311.462647771057,0
93.40804134129466,0.9522898358422025,39.08631869248026,2346.0341154096845,1
73.13128355838641,0.6103217572053659,26.434038478169334,4732.541891459707,0
70.60268941725825,0.6441942401952601,31.131521038725673,358.7398211285686,0
89.46977884353733,0.5218963915855975,29.499136156066218,2431.0434425992134,0
96.29567864185931,0.8121325280634237,45.628372682552566,3851.760911690344,1
85.31844539468635,0.25646876682171116,27.701293024684805,1238.2504923730237,0
60.14439626963028,0.5684163208608954,28.304558527365863,3856.900943601139,0
77.67050265869258,0.4185243997176452,30.48004633998525,3134.4783990535852,0
83.89630795623437,0.5176150451887692,31.010372530806563,90.54718643977778,0
75.82283989275425,0.3750179660410636,29.97899042304422,3041.8429534811794,0
85.65480375065351,0.47347624595297977,38.52681178256542,2457.391172092232,0
69.82711549899628,0.5033719054901054,,980.1460085175385,0
105.68879745710875,0.9666181953895496,40.28137476717211,6098.17477802786,1
97.9889812361925,0.38851778126475855,22.131854889415077,4485.810974138075,0
71.37161439560342,0.6196910948761353,31.86040739333693,1462.5384751453175,0
70.54497478599228,0.44031052152680283,24.423767318115928,2705.3546039930816,0
89.533844771177,0.3325530539546755,28.60844872061712,1582.5106995514536,0
117.63286932861277,0.711083983214069,37.18834453109022,5610.01274167577,1
69.77139972846732,0.503437530902646,31.404455633005856,4651.657165982276,0
70.79813182904142,0.5160589433171759,27.2360454122741,1794.1430345719177,0
89.95287491722917,1.0874088613236195,40.447456300220765,5126.0785015919055,1
87.5509135881833,0.7045737431179486,43.785911860148,3463.059085874361,1
65.81348053515802,0.48803803756312286,31.42283395237263,1982.8928065578866,0
64.95859233247933,0.3896815618766907,27.19474573988866,4692.109260493849,0
67.32202434895872,0.5820553502887897,28.745831640943845,2552.023443595157,0
74.65315112613219,0.5184309064078103,38.226774761353724,2337.0525012873245,0
77.3421473253652,0.45799722727058373,28.824175608744515,3362.1720098117153,0
90.50500492814076,0.30953253065345365,26.55361688423806,1306.171005091422,0
65.0164595926121,0.6444412195055087,26.575019249368037,1623.9643539415788,0
84.84322398476584,0.3772320035543943,27.254367595052113,4660.229181193114,0
72.86011155774491,0.44087219906302944,27.027511387866387,3392.649227184712,0
74.50536290347567,0.5358344511076003,23.601760758253786,4133.185738855028,0
81.74819492166604,0.38034420713833134,24.378999515265107,1355.5588096771482,0
,0.35064902217468563,25.85339812819315,2718.95094964936,0
78.82409746184051,0.2876052417299335,32.95785509226549,4856.981334947491,0
76.66452208213056,0.5720996952905636,28.09381356363563,1593.519495141088,0
102.29021716716113,0.6584366182297341,41.99773403489352,998.2356983582831,1
77.89168643907819,0.7927270092473331,36.350440126274485,2554.4300411233203,0
99.55300139910895,0.40056449343691264,36.47503574969209,1939.105443624381,0
68.62260015748684,0.40785489765710786,28.589375284311323,797.8861639335677,0
69.69003044998182,0.44346070297145984,26.845682446582956,4442.75691351684,0
68.76859473575236,0.5243134655138489,25.677848431632313,4953.61955276889,0
69.44522880839746,0.4529796661214689,33.463878848541185,2842.910903449989,0
68.62612872693482,0.5612332214002512,28.97646383238856,3873.38384186727,0
,0.8870565914091553,33.97050674339041,6095.300422227127,1
89.20504247989855,0.3618408281536419,25.931677124312237,3504.910030109135,0
69.29253706250523,0.32017852605908925,26.151667954943058,220.78024555865605,0
66.67644426895771,0.2776425832062803,31.60029095746622,788.171158584089,0
79.71415556386404,0.4481930980524943,23.42280867056369,354.94595575693234,0
69.47776955719029,0.4699019687606778,34.97434346893969,49.3980332102828,0
81.32931817755511,0.4368562972516817,27.330776780925408,1529.9820437861827,0
77.029230208513,0.6243405797187163,29.251820278741036,1961.7798024077988,0
59.84255885002768,0.6228030209608135,23.315110209297227,1205.1486616796287,0
,0.4665197012555498,29.938170308788177,323.0232404316047,0
92.95877673095522,0.3206078886808037,28.3583952865472,2649.315454183388,0
68.87211309515614,0.4433294891944947,29.749597005717668,1366.5965997857083,0
92.73593907195571,0.8960684836224508,43.965562972831655,5170.703686569128,1
96.27222932795463,1.0223327887870122,46.88282483645728,59.204760876151,1
78.34456789987026,0.4302281096101755,26.02670407927098,4212.635256438051,0
81.5854427267283,0.43465371042751927,26.44340044726716,4773.768394729785,0
95.1020453876635,0.46134583841022403,32.975655929568845,3580.6753157678477,0
73.2305277250595,0.4364458901184443,36.49346645496712,3668.2203263128326,0
,0.5208322508625592,31.40959010375525,4667.8115580136655,0
61.20680771985473,0.5360368715904861,33.443563722773845,1045.3564265017455,0
67.69069960058081,0.408935491281751,33.04868861668353,4972.827841042883,0
74.66873027126204,0.6271065326007034,37.0953220667876,3867.4060168927094,0
92.94557863517788,,20.252049136369834,3632.8535416389686,0
69.82388700963828,0.3382199386184663,33.33609469652264,1805.4528949764638,0
77.23787951638899,0.5380778071365052,34.91868021951782,2728.8874270280526,0
74.83577103927247,0.41825918655856603,23.306381469322133,3269.588941366735,0
99.79922535818383,0.9655223957787875,33.23959595604502,,1
100.26932425873622,0.25963313988994696,25.746086256859233,3524.923192387904,0
69.6913122707968,0.6392455941483067,26.356049018113083,411.9086953920531,0
70.10560557481777,0.5672293408040402,27.59141474532237,1778.242164158484,0
85.44160877069072,0.3499523450836998,31.213014065274706,2170.000082977386,0
81.81891489626311,0.35212228761537145,34.32837325583685,1303.1464893748323,0
93.46707325736034,0.6672265904097527,35.40658478884268,863.1363513461188,0
80.83928185325964,0.4262620096502041,25.81088469416109,694.637399564314,0
71.40707909212941,0.41658151512673763,25.776485006485085,1831.9169612829255,0
80.9065483069231,0.2733947905850717,36.57910920008111,2467.2085028128295,0
109.35337882437216,0.8101820851636164,36.99774892801847,418.36773310974024,1
107.10350120050009,0.9207653852432225,42.37206967201277,6636.09443742551,1
80.07274031107298,0.5715493096769485,32.366683377774834,3826.2166143037916,0
104.81928704185552,0.7551771784276968,37.3692429143666,5435.382480344857,1
86.69295590445672,0.34797132077593906,32.62292341523808,864.3026249436348,0
88.82158991037527,0.5450962634776477,28.319666517471298,3019.0038400609446,0
81.48709887589642,0.6006730071227064,31.344024672196156,2648.6247340433374,0
73.32881919683146,,22.447269748152518,4912.344228933469,0
76.46713686433323,0.6081514086299742,26.561078525872844,3738.35885040079,0
87.06508966508358,0.5037541841486821,26.61494411604828,2878.809418581156,0
66.83064329012764,0.6091805339074645,28.12804983396543,4254.063332350611,0
78.68673308872901,0.49297796384823833,25.36743372610126,775.4713543035474,0
71.0666118767264,0.24777220825120494,27.332281870884593,76.082648454886,0
75.28744822934817,0.4848032617683961,22.427929688009396,3451.166667072616,0
87.78451862607298,0.606014381867127,32.7435023819745,491.5573011861874,0
76.91099068019903,0.41062539809162857,29.587432405443028,577.168199917546,0
75.46436548156149,0.4612035031092548,21.473961961119915,3723.4036321226527,0
61.40143859020081,0.4823866496449022,25.825850447266635,1352.6742206699455,0
82.46253566027221,0.21004861201315178,31.683007137810833,3143.1560778444646,0
81.45484181141076,0.6671347575437476,27.284890268071052,4587.034630463742,0
96.6325472330546,0.40986243201028255,26.515292699309516,1582.3726581892915,0
71.92221765046999,0.5505735432472799,29.627036614959618,1085.720789199594,0
77.1915032766394,0.4913298863851791,31.71798767589108,532.8144187052586,0
77.49383683710755,0.625761905635936,22.818237714804198,652.3118070986305,0
90.77453279763475,0.5406056122428081,32.7506424060894,311.11347689421365,0
,0.4765075728479025,25.998533591963117,438.21189414870065,0
77.7902152577034,0.41064849074807197,29.910360158751008,2160.0229440457697,0
107.27524174448288,0.91277910155168,42.98624997799993,2263.411924068946,1
76.86609123156359,0.3126558696045383,27.36466940880113,3532.80407161499,0
70.53566385449471,0.5645890420275892,24.88170126934643,4351.208291235009,0
76.94089992898307,0.3900955248445127,28.571567259538682,3923.8660157119216,0
85.73631749859771,0.625228366195664,38.12665154537598,2653.186283328261,0
64.73484700588939,0.5161299542662695,23.191624847681844,512.2105811632671,0
76.32969674146877,0.5644123767850109,38.46156509552438,3548.8364197077676,0
67.99879185060827,0.5081988813824719,28.70139414461734,,0
86.95046628924842,0.32476229048590033,30.176857085443196,428.25196957705094,0
59.76813095216225,0.41392708366046616,24.566445943076364,4212.332036063129,0
69.41078152728412,0.5672389337611382,26.143652916612595,1691.0825859125277,0
78.7721187506452,0.5166655817359844,27.485451749809904,1091.2441625578567,0
104.6998311339192,1.1156728850081112,35.0564096130698,6099.323642886246,1
74.34249738927012,0.5403274563037171,28.95541021314564,4510.6693422350245,0
69.44800473306802,0.403329810929734,27.964920540966144,1694.8541859577992,0
106.86735385325856,0.7926410851139456,49.385868787080504,2268.791104589628,1
81.30064515032376,0.8624021160844997,32.3519215343085,3611.796594841307,1
53.01194043379918,0.26859559339998945,30.513452583742936,3667.207469053291,0
97.50825662689707,0.9559138300991452,35.475215964618464,467.7693793379367,1
69.97945775647389,0.5441746736377557,24.648397256740814,2966.7182859423588,0
64.78767182869287,0.6227034597048873,33.434137477264194,4764.100308917908,0
82.08356447299353,0.3419396059190831,28.00836493559186,1310.4694858997684,0
77.43800713771199,0.6244565160355255,17.53805174208466,4544.136070484669,0
69.35921369263272,0.7231498911027748,33.29924806052283,4750.8417038154685,0
62.19695601329106,0.36791216446226827,24.41529557948818,1345.7682048554486,0
83.72457328280144,0.5771401794903767,24.761125269304504,3771.0093294267526,0
81.50201177958661,0.5001109944687293,33.43951041446199,1193.8750415978,0
,0.34555661517517555,28.26419258790775,3688.0558086606634,0
93.46636996047665,0.549288397185187,34.5888607527575,3987.0998564441297,0
64.29915233673847,0.5833603204837349,36.05083047682659,1236.028518553247,0
59.74474829075261,0.4398873447331153,26.77535769838851,3579.3477179161746,0
68.08091930118755,0.6165916520255224,33.966312479775155,4060.5226943204493,0
74.54413983644503,0.3333236593210802,26.22269599303559,1792.8943605345587,0
77.43339449322691,0.3505243853550356,41.16557958566088,838.5138799486347,0
72.5876394214367,0.5136597395588752,26.535214977343923,459.82283658756785,0
78.52055396514297,0.5025385277972272,35.13043720480002,2876.9085180497095,0
62.48460575809556,0.42834265115758946,34.21895012940788,4890.4905965785665,0
89.4376460407326,0.5809594435971885,31.58043911054467,4114.751600111081,0
74.17848821607431,0.553089431421595,26.647284192916583,2179.198194672764,0
86.17295831588127,0.5858139070934016,29.243012540292955,2683.104514274793,0
78.42725346377703,0.48768635646477326,19.23205943527724,1397.6394270590947,0
79.56753219153784,0.5602580267978341,31.12210019191125,815.3293368003178,0
80.69767280232205,0.45543496969700054,31.748076655141926,2410.4057911613663,0
79.47708560017315,0.7053818690086595,30.667497095306857,2317.507830835926,0
81.42722759867544,0.41874542298780143,15.133469143537212,2609.649764018801,0
88.29152530132431,0.7105297429458313,23.671817774550945,4764.022927819704,0
76.9652116970147,0.5034887947089408,26.259545085756688,3019.476500723861,0
82.09003757588512,0.3624489110431257,31.458294665945232,3028.859183111869,0
74.10264305712774,0.6368079350488601,31.446694528214923,640.1238143053839,0
89.40117215449473,0.5125901388394959,29.148881040144104,4982.444330884102,0
68.2360769794073,,33.17622768301978,3864.224721173343,0
112.18208594698825,0.9208743382261289,27.558417248289754,6379.905227194517,1
74.59842049355656,0.5337955554145025,33.051175028469984,2071.5020591549705,0
60.69224897881952,0.44077591551871853,32.37371052419945,2510.6404789281246,0
76.2810441491079,0.5975713377669251,31.887773664189552,2610.4190458113826,0
68.1894834252512,0.5000755507454595,29.08979784457172,970.4726964480259,0
83.40643548988724,0.5685857818608419,39.15371912415631,3447.445781634786,0
68.4737602069761,0.28462694262085386,32.46597844244939,4514.883618087283,0
70.5381656678522,0.5446981717009852,25.158320683732207,818.529090692095,0
79.64412327884541,0.8933319186653217,41.80656035777755,519.8857629118472,1
70.47693680750923,0.665330963717853,33.762416885371096,3691.094527701711,0
50.76120673371044,0.5623087347889095,27.05945700537845,1366.0091583649103,0
59.16097176514277,0.5239857745849297,35.4463612346555,3119.3127080866466,0
82.60414656144297,0.5486309993350221,31.910168528580055,3478.7916899609036,0
82.85800158650832,0.40015591471232814,18.287608311673264,1609.553817909109,0
79.25457561784965,0.6623256690528054,31.49835988668963,4075.722987128922,0
65.33023856870787,0.6991370418416905,27.969854227936423,2749.944910571084,0
74.5228864385802,0.5392913510548216,32.68589907270868,4344.997039759014,0
74.96397460909432,0.6590403568573638,34.72107420125907,3816.4677627947376,0
63.416353108074574,0.4430851801327466,30.97581023570909,4342.878160187269,0
90.0339830176715,0.42028864337750194,38.32626116972348,100.80691058947045,0
83.77362290575671,0.5040924748728923,29.106465577182522,1217.5313036929736,0
72.79035826170336,0.5434941038367899,33.12408911526938,450.03970222969315,0
75.26885838994531,0.46060133187568797,34.02471286818674,2210.415085946746,0
77.08382807947552,0.5537768190368484,29.513270155536336,4449.800608076591,0
54.58265131575709,0.5306389482073414,33.89387153988891,2337.701311334346,0
93.16865561584385,0.8115582046573775,37.34836510937729,5691.494060916348,1
68.18015752002202,0.5518793017451721,27.887157904893908,1635.8911900965895,0
64.98379990105084,0.5863528242521521,23.437556548318437,1697.850364026262,0
72.18899707114045,0.5171469317590391,31.207045581850235,4477.808651634388,0
92.97686526849523,0.6152648103261693,31.62625837927172,2129.085732558508,0
81.4084286126701,0.37825962065030483,35.89631579289615,3948.827438973332,0
69.28821010217203,0.5467950422131852,33.95570002177942,1183.2177394095067,0
80.72582781356158,0.38297192936032254,28.576022216762833,4744.004148388177,0
88.99355436586002,0.3885918641766912,24.109101563328615,2872.8912326528557,0
,0.436906916626221,32.16425201259987,3796.6178428920093,0
75.59630369920174,,35.553765862073206,447.5784989744275,0
68.53063222294426,0.44520041812588623,33.77592486901972,2463.3211291526436,0
81.9822331361359,0.47858496892888114,,4505.192488670116,0
78.9348538542175,0.5837154486331384,28.940552344008786,4385.193145216523,0
83.95193220027733,0.46788409612942977,27.66690515912177,234.0697861711377,0
81.35171801681969,0.3414374293230407,26.315493238841004,1518.4923456447336,0
85.49552715319335,0.6140067846495161,29.72051766693202,2216.6000323954004,0
,0.41629098663849606,29.607046020155902,861.3240717789411,0
88.17394065634326,0.4941279572895371,31.033388142695582,3649.991554949852,0
96.85441577305392,0.9683003182871754,35.836254026806735,1243.6614443516562,1
95.75260872625265,0.5199610418402782,29.331861351366143,1733.198471849431,0
68.10812181910433,0.6094179547521476,26.11652973513928,3316.4031842890913,0
92.3596380316525,0.5479003143392759,34.708095067757455,2410.4467226223996,0
76.97910783462648,0.4138690420302892,30.382590311218557,3692.855193174469,0
68.48581996385552,0.7178562173991662,29.12778032857359,4806.039506114298,0
70.16114165945679,0.5194333463338233,26.26285373375398,582.7334385759875,0
71.7965269180568,0.4852659773378494,23.34043444804457,3547.8385819903046,0
79.24165946401916,0.5963925423055572,36.53982096274672,1151.7207781605725,0
80.228354880355,0.5249450945930072,32.77319354065904,,0
69.26299996061421,0.5399228192939327,21.880410787150165,164.31362897569912,0
74.75645407739017,0.7492183998600687,33.815711503548286,679.5369114634947,0
119.81778396633777,0.9351032285568137,45.140037636922955,2001.7658034299538,1
92.27543170100711,0.4682239105982604,30.621880611504647,1709.9290264399247,0
79.36323669674032,0.5116578512012464,37.990554478758796,4497.926082310479,0
75.380034781682,0.6071515935581039,31.083598210614415,3709.0645463325754,0
76.20031326718261,0.34934659698096004,22.915882360254052,4860.914840935206,0
81.13517972730416,0.30344441085234947,31.825845005241604,2995.3575516762025,0
64.77207434801595,0.44128847293798523,31.224486508563647,1208.56866045659,0
72.42623462576655,0.33660770409407126,26.983515756109227,1638.2751496082144,0
58.314159261224106,0.4575168652474362,32.86779418438712,1599.1796164598354,0
78.9922312260528,0.550249969612929,21.66167366904569,1632.471638316258,0
81.4719593970274,0.41092511364477363,34.95283413721395,3364.8208655590784,0
87.59804080605065,0.707088075314158,36.68969792019105,3272.165769151089,1
90.73986763290033,0.5069337161715348,25.075269374414837,1927.1208904332216,0
,0.586254348461517,29.430876138462615,745.448843643583,0
60.3562511979018,0.33050265614833874,32.16486464021818,110.69581471072954,0
77.24451818559972,0.5820232398305984,30.819620317967146,1094.173387938463,0
85.47098302612154,0.5817306203738326,26.28670417113811,537.3570198434063,0
119.91311849879742,0.8511286401007566,30.727644215167835,5027.4045032241,1
70.4111573713106,0.6218480214871687,24.334788263112692,562.4897890694269,0
85.78680833431295,0.7202013924659616,28.87660049185065,3621.1411865341806,0
88.70744402713684,1.0462535723416513,40.18131086865262,2600.043506168585,1
73.2737270005918,0.5109571580077858,29.97868531178062,366.89194871887986,0
83.83659937486672,0.45835615667519747,34.297071273797265,4063.650247157929,0
,0.5001976844755811,37.27700668863096,2898.1528511830666,0
59.236078430157505,0.6532873355636312,27.059907404815164,1178.8075643178652,0
89.76540349725896,0.3654985516069331,29.06713373472318,4473.40587166334,0
88.80091354147451,0.4138950327834424,40.855964305312476,226.2915693527573,0
68.7443729849047,0.6377180936504562,37.221717059899724,1009.0980409888145,0
78.95803533437409,0.602003650690209,21.637977370938238,3760.234639029305,0
97.90126700009137,0.8692757632722921,42.05996638272446,4807.789031656471,1
77.60673765823907,0.585440200112072,30.00279996169848,1446.35846862239,0
69.4969484615458,,34.13226555429381,310.12437676391556,0
90.55036881937716,0.9194153850136234,41.276304607647134,6093.741305478792,1
74.74445929008554,0.5074509593826773,25.80195813979664,1568.488190349513,0
86.72729019259364,0.6025632113872582,26.619646423531954,978.567074641326,0
80.43600154594432,0.7642011910492621,27.140357269007836,2580.3091118048856,0
71.29385667913894,0.5598099155047467,34.07662083404507,4551.135996412237,0
82.71698710648344,0.5049328165794844,24.0939941342556,217.7328892168767,0
46.51457379369924,0.5722446985220979,26.886930500203405,3829.020440154439,0
112.50446692151199,0.7552877513422662,29.05411734488232,4208.720149312334,1
57.60286221221901,0.7387967705524732,35.03558911706187,2127.2455827590848,0
102.42223235828901,0.8615190990971228,48.84723968068013,4713.553617113649,1
63.803301053738565,0.4727066679774487,28.36463284568107,4829.122122208161,0
62.053185242790946,0.4164310994979964,28.510253175933887,1146.0310558134552,0
86.6082678737852,0.6097220191606438,32.266109511414484,718.2368253605981,0
70.32298798688109,0.5867187412827739,37.37241003689128,4564.4087261134855,0
78.46503881730716,0.4502645628585907,32.043053737819584,3344.7653872865185,0
74.53079421120816,0.5576451345122423,26.512290287624428,2189.9301078098297,0
79.77040827223121,0.3491444031787143,21.905887140067797,2866.2978513214152,0
75.76821891060256,0.5184970575073157,24.424368686682563,3728.06952588122,0
62.1700777581143,0.5452756352076694,30.366097251562326,3865.159493528586,0
93.58418403983214,1.189255750364513,40.30380932978492,5993.039929887999,1
70.06243416838687,0.42291811972713106,30.974838529953793,2134.2139444781133,0
59.434181013402494,0.37216473711976755,27.23537991881883,1467.0545500969752,0
70.71884839034088,0.41045720390749585,24.709267843527943,3198.3213339492095,0
90.00759790634311,0.36634314996850803,24.114841842734645,2078.639496397652,0
83.50221742113493,0.6336657357758984,37.81177254686615,2972.9922697448897,0
71.5134786559214,0.6548639295024037,34.444938745918215,2099.928992279751,0
71.50742295681572,0.5320216577948829,38.652589759139794,764.9789333908724,0
71.78364948782617,0.6221294945685149,32.699754503775516,2347.133758294792,0
95.76747983560841,0.5133958380580236,27.850042956925805,3454.589109705164,0
78.81935452231554,0.49048883522992337,36.61670461244969,,0
79.3004164719107,0.46669623809462385,29.83465999319116,2466.6313839827344,0
85.30283454031843,0.46896090086224346,31.104208851451762,826.1894510520046,0
77.38789159026514,0.34521984436909686,29.785878104622405,2073.438548247158,0
72.40957854179297,0.5264254763607339,15.265478903579927,3931.469644208491,0
73.03650150915021,0.4959666089785956,38.023675061474265,2064.296353085364,0
74.28398740585936,,32.455019729788766,3482.6539680211117,0
74.62777763490159,0.509352349643861,31.64911530434255,2536.068408390449,0
82.2762954363698,0.4837296298430908,29.691119688647195,1206.1156255469834,0
75.519458858073,0.4128806969992369,30.817139101930653,3980.7525401153716,0
99.14891206815508,0.9289813031286351,38.95666547630117,513.0897171331261,1
74.19283419891417,0.5738237230816162,33.082896761536354,2624.451413775753,0
75.7863519031609,0.3856661008916139,23.464508278004338,1044.4551712170246,0
55.01799315467892,0.5087473753680739,30.930342162352733,335.3281427068783,0
84.16327674702481,0.5233042951529484,32.807867352855524,2514.669685416244,0
78.46488475897992,0.4281935216381736,29.006654330885485,2497.810779674618,0
84.98010109859652,0.44121436950919996,31.854338962355122,3534.504508378604,0
46.03744621806311,0.5230610848766214,25.043328038828747,3723.7534652595245,0
95.88374704780728,0.3866578981707377,25.17086614552018,3638.9574434644837,0
73.60410371844826,0.5349923715249393,31.183585605131967,2047.7936645837751,0
86.08182816737516,0.41046456263408,33.392748273105255,3158.448936132813,0
64.60094072874469,0.6062853693033217,20.625671722491447,2884.7262132198016,0
81.12773905062569,0.73378277453883,32.61010317555383,2107.808780584598,0
64.46584436826343,0.41392431982981803,27.283992498118316,2986.063470929966,0
68.76231039304194,0.5534207862374675,29.03596956346294,4736.239383531312,0
94.14031353866787,0.42732580951179805,23.302410382174813,964.4687184068868,0
73.09317599236654,0.604095417379779,25.74191379906646,4528.860478927631,0
77.17432873179723,0.3734741590914785,34.830626627651554,267.2775699159918,0
83.70067730688754,0.5480586758427712,30.164316869901064,1541.9460645083034,0
79.95681887972604,0.41270110331106474,28.086107991452206,1440.726243057641,0
76.50418905143576,0.4793015410901631,29.417558236844826,3131.8255394045286,0
78.64961002466225,0.3968974724852693,32.446059123321504,656.1247588864516,0
99.03415585238275,0.5822350470895754,32.20247248081669,4411.7380591987685,0
74.42381202966415,0.4163019645560413,29.624864998015994,4142.757042325206,0
77.01099046714967,0.5551964259331827,35.464795554483345,3260.329098426389,0
85.50654396007612,0.4655901971737667,34.85231318453333,2292.0691589609887,0
107.52308999905266,0.8222723656561854,43.294400637078446,6581.606125840231,1
86.8703030556038,0.5147755907400129,30.27305891455035,4153.732773602779,0
81.38730222029184,0.4238175328341151,33.286605475597696,2496.575740406224,0
63.569950872695166,0.5210367113540887,31.571337109005917,3509.366772271556,0
91.33431532301096,0.6530334564354411,35.304000359029736,2834.6497608984228,0
63.53654606981312,0.4221905214167286,34.49780688369154,2939.711191941323,0
78.02635465239034,0.6171810143273845,24.908730492911356,1654.8803471873564,0
67.45724149980641,0.6498097633487785,24.570184146291467,2310.4230231244837,0
74.35861653407008,0.4183845010971956,26.493752277979617,390.607153948721,0
78.2876241030348,0.3544945394909448,34.880693450334604,1786.7434583229624,0
78.21357215450273,0.5301960900171765,22.11845501614377,3479.1425768107597,0
79.21920754235285,0.4452592477233127,31.973786945539967,4766.080152530932,0
91.13711269058646,0.6868603219163003,31.812715455464808,4815.320563815101,0
79.5353430151398,0.5034807540499833,35.813240293430965,2778.614345624458,0
72.55843364709351,0.4197800591964821,30.90169345331944,3033.11125904791,0
,0.38528404889882883,23.283953047080495,928.6059275048375,0
86.89470488924641,0.608990495909083,25.203225196759384,3476.5405404676535,0
62.72392184863008,0.4428816025915813,24.090022390510875,353.29396337193117,0
80.97400069849859,0.5043828799460428,27.310280168334298,1423.4284289972227,0
82.01172742310898,0.5955802745112481,,3341.8167364272113,0
72.02436496640009,0.451574164806917,24.172792368894715,1551.5506577174465,0
88.75706813311619,0.49540711712598395,37.353309953261444,249.23437057227162,0
73.49944412967473,0.498343159017748,23.373593140237794,4159.352046754819,0
76.25576453471542,0.5683324511516092,36.7305171193124,1551.6500356728152,0
73.26928175716131,0.5590744335510326,35.9258151571967,315.5261242933921,0
75.15579047581467,0.47798862687451715,34.491512748445174,373.94082251432593,0
,1.0379840231812945,39.63069838662319,1686.4588007394584,1
60.59949117405706,0.46282209884765113,31.712254395884507,890.0797361076312,0
90.94505063224972,0.3522387593080555,23.61314433224691,3871.5005889007543,0
66.53038651681672,0.5257600857398129,34.554535175168745,1608.420233335172,0
65.08607650543692,0.6892191760833069,29.630076092318657,4023.4789251991624,0
53.466098863962856,0.41162808593089373,27.953398927066573,869.2299891157639,0
68.61038252310497,0.4226970290397297,23.88127576671865,2464.395897720419,0
88.20237776866426,0.8112695002860314,26.277256109448537,4788.474118890592,1
91.4201516013637,0.5724591778723123,24.807295714821223,3259.954269329274,0
85.09817089342634,0.544848545419644,35.56399097806453,3005.647049651344,0
68.11849654822277,0.48414623075835433,27.98583285762598,4624.108009655849,0
97.52435805344308,0.4081980938361035,29.153355714424762,1142.625738533722,0
84.81765486991594,0.5092376791639924,33.27777179144226,,0
71.75168616491378,0.3435377872664196,39.028344390581324,4419.962750362044,0
50.005942851264265,0.5143426566857493,36.62502327472819,389.4688279757852,0
97.90942572590743,0.5871524386087934,25.13832498091906,279.44134126537625,0
61.10427533236404,0.37488008633663217,20.28714714281297,1166.511437791457,0
58.546012530431085,0.3467481723170336,41.79807129550052,3165.1060976900926,0
85.2257043200964,,41.344958058297266,1299.3981322490345,0
99.39752406339272,0.4388240360495415,30.942267982146415,951.1994190439949,0
88.84272818510519,0.6135947845943822,23.647558772090893,2294.0115767914604,0
80.6390912005236,0.48460023348021686,34.816132669469695,3067.9903438470574,0
80.94754341665286,0.48380451830586724,29.46008156993695,1242.788535083702,0
83.53415558780307,0.5438412699496645,29.435094384466947,1503.4559336187103,0
82.58928589786765,0.4116001143253559,34.47229421552564,3067.7965240575695,0
77.81191423969376,0.5132497143495646,,4728.692109947264,0
76.04201103951875,0.46185105851759073,24.070925444925273,3373.708637190441,0
74.37406872100478,0.3679506556594968,28.37629032459013,3914.5207179227996,0
67.46035411133323,0.53374820747264,33.30576464330673,1834.0504737773438,0
72.19324923133226,0.4736692193122084,32.551261112025095,1361.2717969223304,0
58.07043185804615,0.4842975171555292,31.31008287179238,2271.338716013113,0
74.0166037320525,0.3789839056585842,34.66711477237932,4035.6641435583683,0
65.11408892849083,0.6591400367762804,28.191415060913677,2281.498208952779,0
82.34461710020774,0.809960616499856,45.406272884202494,5858.8498225082,1
76.79894151153478,0.5964155884171979,13.122104499111998,4943.859903475635,0
88.920022863446,0.4694555297558318,27.75174903078593,360.13332865168167,0
84.18316606002313,0.327081711049658,33.819514542878224,227.05078041851846,0
59.29499396376823,0.6952917382489511,28.04802766441429,,0
65.10371863429663,0.4938902491994132,27.66886304141444,1921.848378671731,0
84.40771187988216,0.4251200203979946,24.792735241125907,655.2110457271621,0
65.1751260646169,0.5416801574483114,35.01682946364573,4353.32238809378,0
72.75366850002976,0.6167120788003297,32.742316367702855,115.73125513531902,0
101.349459849744,0.9099258634902461,45.233002410464664,2297.1400210645083,1
,0.6278575167939374,21.368930190210552,923.4731474710267,0
76.0537550614596,0.6082999938516869,29.19774978367183,4657.696650787661,0
61.65974505081795,0.39236188125979415,28.59944496124997,3347.4050244501395,0
68.98632356048786,0.43262098943405236,28.597141467007237,,0
78.19781934142537,0.5957537163279767,26.91986228141022,4861.643551551967,0
83.506544777371,0.5988394088016804,36.54653587936214,3180.802839728526,1
79.40474737960399,0.4850544306835011,34.24822391353326,1171.5955402401312,0
74.80362201073319,0.35691687983753284,20.43574323326085,968.6439309829465,0
80.52489954417148,0.45234461985664753,38.88647384015227,1114.5943084292026,0
77.23914134064661,0.4701179910970796,32.41920562513231,3542.9665381100144,0
88.64140429973844,0.4641755622092492,29.788340521698935,202.22864061500368,0
76.25224502647907,0.44477387478873914,34.534170731864634,256.8053651635743,0
70.70594458874747,0.3902856350371186,22.740826274157826,3040.7147119157503,0
76.22297503032284,0.7291911266818686,26.67649547424493,3210.285733687033,0
80.43298029036387,0.6867462004161351,29.39462283804723,3326.3146216123,0
75.48860070325705,0.3837934179743717,,1859.4025229429562,0
75.40591691203882,0.6582116751303567,,4029.7244435707657,0
67.98008312193245,0.4600534509527147,32.25027335592573,2668.122938633088,0
68.37099082449052,,27.05210502031936,527.3281500470972,0
60.97394728200307,0.49367260401030844,32.43421034483745,3985.496535336726,0
92.4957674318694,0.4340251358746034,38.38619796487228,4765.338931352291,0
62.56136764608715,0.5983852343606146,34.97763345837057,300.1815650117934,0
98.19457012612096,0.8334108754058651,44.56862829396035,2830.494921643701,1
67.81592734430802,0.45234485767807586,33.377454236327345,2437.5802241737383,0
102.47659725236674,0.842281769119372,45.53535725127374,1009.8690306050247,1
105.50926969643463,0.8068876021155236,44.370281534136176,6317.2555422337955,1
87.47742072673734,0.3358619884397903,35.55976680430204,1420.74822445022,0
68.26509375756132,0.5012223548415169,35.52238851918733,3915.0426996908004,0
77.78994162223802,0.3803334407715604,29.364207015625578,3354.97241014158,0
66.64652946740243,0.4734439487481459,33.209395307388846,2990.229112335117,0
96.45149127773388,0.637010185361037,28.08452539420103,960.714243482772,0
63.12401580970487,0.6199299572921586,25.384638018422113,1103.5176027545285,0
78.09820710227028,0.4967723105897382,28.652531221480068,236.74202373284658,0
81.33776880932099,0.491291527385685,29.618609241302085,1203.5621489113319,0
79.13799097451498,0.6879874549421008,21.69209505411004,1727.2180473025705,0
87.67377203095215,0.9263677656224889,45.92168111179,6150.259175951293,1
73.70179300266574,0.4672193540123477,16.16337288698801,1831.9633335740266,0
75.4381147197911,0.3573981882879548,43.57408469743161,3773.108913828032,0
73.52997998371511,0.5393873218164743,37.5093956689816,2197.211406477438,0
84.6387911679491,0.5829323772582863,28.694956379138432,3924.341559969442,0
97.10523001591352,0.4368348475486356,30.047131802818868,4881.358002185199,0
69.42508214992166,0.5291202755138033,31.514859367936417,1199.2077902879005,0
61.301970204209226,0.4636426705084971,27.054198060055292,4311.708059819381,0
74.11717951648745,0.4815967600800997,30.963095737934683,3109.1204315288733,0
100.79709337654319,0.2512177942437669,29.280000111491695,4086.471307943274,0
91.17063691763624,0.8491520149757886,42.436304811423646,4755.883084311346,1
91.39116805444067,0.5969369302408054,30.907305317403193,2119.747536370751,0
91.77700814076441,0.4368597444433442,23.43236100823003,1140.3746972089518,0
69.46411758292005,0.5052526368215317,30.19784862066824,350.1761266558251,0
80.68983079185276,0.424404929330808,30.817238733087386,2677.591822303585,0
91.28396623128538,0.5360441676292773,30.64424810677957,4951.630472634328,0
71.20872259012513,0.47834768024638263,28.92084622281923,3690.209025071031,0
72.96419639897638,0.4060758459317993,35.689288879846856,1636.727706995083,0
69.18319086051356,0.6332551467665128,28.231737225592244,4136.0240004336765,0
64.85243269307134,0.5928932013532215,31.13662953411595,3844.9200008820326,0
68.50722454933992,0.43950932360718253,36.48648766962773,1408.178966767284,0
62.760597332377436,0.5497788309417777,29.603119299898438,71.53744897117342,0
95.19618948076845,0.8220826616917356,42.178055433698454,779.6062344893221,1
67.30026768941359,0.5642301235011176,29.518076818425513,4386.530951560288,0
77.33785911790747,0.3305744104004922,36.186848967817994,4182.815176524358,0
59.44104353796373,0.6006606541032629,28.711377192068525,1476.0450043918122,0
78.30880232214457,0.44303010370742685,36.41677288644103,1425.977131422102,0
83.33528961608924,0.4642172066558733,29.482060526764677,3964.3249355123558,0
71.2229778413002,1.30093007541644,31.038890919673356,6092.068520510288,1
78.74056569847572,0.5301873380721012,33.396865852870604,3895.6862839879996,0
87.27668992473292,0.46136775245528244,28.47666083122172,3027.8933851538077,0
62.90358981308795,0.2794705627244094,33.102504495495815,1213.3567516590226,0
91.72572386837703,0.6389764133946356,16.35297807538133,,0
79.19019009366045,0.36547903291913975,30.02602630947473,1167.559292966323,0
67.94988144241591,0.39965610965004966,27.701973506212596,4040.057100483868,0
74.44230922342294,0.4668647700912151,24.68370656734361,1934.8053975886864,0
80.58326912521723,0.6416411791700293,27.233794990801,4168.486084970131,0
75.76005391412411,0.5773239986665759,27.131484278536742,1908.0460899136265,0
80.38755992446369,0.484216249015974,29.760071025747095,4120.747025999457,0
65.79326406920634,0.5308292063638821,23.16336769357522,1666.5890758262096,0
76.69360824036077,0.4399614307128894,31.581368901298568,2200.6635230883494,0
60.8628550309502,0.5139653689565351,36.83107392602894,3077.442096713288,0
73.88773938651299,0.5073336744778136,31.40464248473913,351.4380701495934,0
65.9609235853521,0.5968769895681354,34.04494304614504,4741.035309077322,0
67.64470057410233,0.596717812243895,35.472812273068975,2868.028930619016,0
87.36093175210438,0.5493977382205645,36.182447560920885,2539.1000734540116,0
85.9131012059427,0.4637652442453898,39.35069346410653,4196.96985559956,0
81.09138120907177,0.5741822294390126,27.50399000862035,4328.813649484137,0
64.07687235327421,0.4908031533796953,26.407580074194417,2611.30202264508,0
71.83591550305198,0.3918085631286867,33.91732824162367,4636.311628968187,0
87.13097699979184,0.4596712208089061,33.541331098286996,323.6888303824031,0
76.41716913639905,0.5084526983784324,33.878376498078445,566.1289612560877,0
112.51534500120883,1.1005408883250274,49.26901912017253,4178.4442047669645,1
78.93317839394372,0.4816471827842847,30.05684954399247,1770.3293089679185,0
76.92049116490031,0.37908012887603937,32.130782798230925,2321.125830945994,0
71.908835357975,0.5056741683296819,25.098058742582626,1640.3960894858328,0
76.33540904782282,0.5113456040056552,40.67660561987979,2023.6265572246782,0
73.47530163619456,0.5185837628902753,28.317275393954446,4113.231735731498,0
82.0810867668859,0.591987151595443,28.45892035919585,2967.3809992715233,0
84.56702316794585,0.6018923240089898,28.266250544958787,4986.722746417491,0
67.14010539492051,0.44057891276183336,26.775520706778313,3934.395989104815,0
61.68767046442222,0.43838565419510567,26.352814755761752,1368.3312705091332,0
56.637946268967035,0.39598012890445267,27.381478585552372,1321.725588633481,0
80.07991326912544,0.5698815670280476,23.171020359745278,1679.4913505850357,0
,0.6448820108337716,26.07341039868381,4216.297403238714,0
,0.46849180720910766,39.7448155572381,136.438253252828,0
78.88578604530964,0.4758569435275007,33.67827571820684,1150.9063943562885,0
99.9299951743279,0.6466782556898976,34.62952088363859,,0
74.93929088460106,0.5505557853215007,35.88604393708457,3199.48218041626,0
83.38490774451643,0.5436235704801056,39.170672821811955,1134.235477505282,0
75.81829358547564,0.3809083494026273,21.14288724278078,1095.7248411629016,0
74.01110346808858,0.567872806927942,23.850584423567298,,0
84.19076482987768,0.40708636594902414,25.981381695526572,4468.7875413852325,0
72.09725455811349,0.3865979814065042,27.65135101755201,1280.6554548105764,0
77.67392314071903,0.46532284232332877,28.497153047073756,2102.5517903826612,0
78.21697806196013,0.44142072765513096,27.765112235969795,4172.978693141586,0
68.31909546356951,0.47784003056149604,31.09654456566027,3855.037193049427,0
117.03376787306033,0.6077782653834116,39.56005865082734,6013.7074482850185,1
73.25040243304592,0.5958816306467672,26.385826024108752,2591.990953939844,0
86.91430020274683,1.0654632513550748,29.6468431425468,6489.278484766276,1
80.36509843570404,0.3052657525859186,25.03565647310651,1629.7577197721764,0
66.01532018208962,0.597845780566655,27.253806733437123,783.3606717375901,0
75.28181157369129,0.41894713701783737,28.764602815961403,3543.661662824324,0
74.90881003355797,0.5856975536982786,24.351662703447317,2696.772080034482,0
85.85895565831578,0.4931553507333584,27.5459676675179,4272.928844047405,0
79.74698232879953,0.5028775564080998,,405.79624562357475,0
74.74973041254856,0.48149023505787814,29.370903242258336,4218.462017190334,0
83.17766299200287,0.6212129204233486,24.634543358186924,1466.473266044111,0
88.90207549017313,0.3760411987474972,25.755476718147676,3274.278335840915,0
80.57810306351863,0.5607840338735008,23.456579345054305,200.64394539127895,0
75.10352619843381,0.610133016488955,29.23249652215108,3047.9064815180036,0
61.8816376764984,0.5716340080540411,25.667761150238007,3586.35844593668,0
64.34886336924627,0.7324698914323418,34.533921333377144,1843.7510725281015,0
71.94775295645333,0.4471053237275301,32.029251333464494,1077.0535263107013,0
68.90487797840717,0.5957304822593531,29.650740659081784,2688.153383017725,0
73.13028697014553,0.48939093646585796,26.012572513281057,4165.954022178233,0
75.56649924897107,0.623340607635267,31.902601526581513,1617.7367914832541,0
80.2969275435673,0.49923110042786306,33.45350444674318,1262.346487606398,0
74.29501221940909,0.46121242181375305,30.713442061008152,1394.6765431884385,0
79.86501643826202,0.6306072203871629,38.01850927733465,4745.660764583322,0
75.6447441481012,0.450843806098107,32.29818659037408,1796.3845788227984,0
55.24533433646128,0.3587274241099444,34.56803608784017,18.021199441435876,0
65.60664606181246,0.4483153116826171,30.667827077679892,3908.4060397980984,0
73.55912444278384,0.5619032946588532,33.37832226628488,3496.373976676951,0
62.90305257158892,0.6392038751587091,26.01609383665412,642.8413230148444,0
80.99928729996205,0.5111129375296513,27.70800818393603,4924.521245674562,0
90.30750832343698,0.6318197067234026,31.746817767411898,3040.311426525556,0
87.18761851697317,0.3641825078522406,31.710497407786907,2503.8974547030075,0
72.86557129069791,0.4556736535182097,32.53805911471624,1911.0963381144552,0
89.90726136849952,0.4711424882845899,35.50196446139365,4493.363777818189,0
76.48667457202112,0.488544057252748,22.87514414092294,1219.8174070928164,0
88.42111553353654,1.056031090627993,32.195795296519705,1868.7218645505948,1
68.8659733645906,0.5690910957392192,31.147863205371266,612.0540334328344,0
71.97530313511872,0.45551931618295094,26.3781818409827,3795.5954779213002,0
89.37924501281582,0.9718636037091057,54.74061350047016,4453.402174266033,1
76.70416222375488,0.4954877109675948,32.57859809585068,3045.3308462724917,0
76.60573981049865,0.407411009610885,29.608345755349212,1092.352155097318,0
75.03046020153414,0.48863333109185647,27.422653634580705,3255.8419456354195,0
79.3693816974635,0.4856340470102882,27.599188584034778,3827.2922362343197,0
86.90646274786342,0.4834919434996954,30.15070330657589,1789.4426536284464,0
84.49554135441323,0.503175945658145,30.55990966310629,4006.735719808561,0
60.151020315500965,0.5075673540613386,27.716504276532437,1743.9529426601048,0
49.46078865098045,0.45677048208926696,28.63423876740049,3790.6923075464383,0
84.34319911239274,0.6272714733971265,36.72142287617298,168.6505372885949,0
61.33121301584579,0.3830519370796983,36.92252481325517,2755.8230073682635,0
72.75234598107316,0.4279029891530104,31.260169899674384,4847.6328031994335,0
63.298869739406406,0.7779963624223556,23.29370136381631,4906.223003411954,0
56.9801956241998,0.396200864501077,32.69251578319522,1408.7628917087031,0
80.41462728204787,0.36462453252902416,37.77141220805513,2206.9954554017772,0
82.59155160302647,0.5734476745001218,36.84890550981189,314.8895399331653,0
69.2348959927328,0.29228801462261256,33.67212926404834,4366.706538022999,0
49.0895770785509,0.4764726090027561,37.11211477642911,2842.8607657010707,0
92.51025555456991,1.143027758270482,41.51025771339167,2493.325394333808,1
91.81509284907662,0.7825408567295917,46.1454511081496,698.8851979056448,1
60.21088431225871,0.3018035514261287,26.596122168374098,4733.836427484446,0
76.83359919779156,0.35008187980423017,31.461327280778562,2651.0952391049686,0
74.84690150827005,0.5898359568346986,36.647671219852626,1414.6396454145195,0
80.79291499601088,0.6124776719985813,27.052882942565546,1751.0756506575476,0
76.19580368414154,0.44874112030214913,25.69278285267857,1353.4859046107383,0
65.26931059118445,0.5683212404001069,30.487444695118484,3009.049044284903,0
86.96571501664491,0.639025532751199,28.86668898138,4649.81787890255,0
73.4147042697303,0.6787346414429826,33.2457386053521,4283.469016632822,0
74.72695460490068,0.4753664718820152,27.733702370264787,2301.9043771298875,0
65.66732040926804,0.2698528282330013,38.59219807801357,4132.49681150504,0
70.5671774880849,0.4179121077590313,23.55161951019472,2115.527406381649,0
85.33497060599151,0.8630716228031379,45.02346210623544,1778.9387819719066,1
73.27053940076577,0.47410612034216093,26.175753858459483,4917.0755763321395,0
92.11708480142343,0.481214059899128,21.020086327079884,1519.4378398541091,0
61.28098857068643,0.611889459793067,31.18937578174434,1618.621154934542,0
58.86438602123259,0.6274428426687582,28.726960069930584,4948.464338932611,0
89.71170327493608,,24.451953160484848,669.6374658282745,0
72.90676322848134,0.6098484876051818,21.59311554142368,3802.6699400484754,0
68.30927261340084,0.5357661366631089,29.958196063642717,4679.063792413633,0
85.39904687396077,0.5064505972862572,34.87918445811909,2558.974971377093,0
68.94384460263136,0.5906544157109964,32.92476746543222,12.608808514100179,0
93.26009713546937,0.5072252048237916,30.283533244196327,1875.2947205655312,0
,0.7057811177097763,32.39423786608867,557.8449619241354,0
70.12088591854297,0.3561588833205441,29.863929338110715,2080.938304668479,0
113.36803941496257,0.9658774758609375,29.15434800785583,5633.6611777220005,1
68.94285076996661,0.48734811030460495,22.89553007388278,2193.5577444190026,0
82.42095372009307,0.5439452690457991,,2159.6256067296126,0
77.99292580406492,0.6267960487103089,29.196733568169627,2783.947384594233,0
88.01741289398798,0.4975601432763843,34.25491339253382,2908.452923738401,0
90.61511196726853,0.3577770350493793,33.786521118873736,4281.481543994857,0
75.32004149065767,0.5842513896455004,33.025665078794745,1541.7771961447575,0
67.46582129653817,0.5754958766141964,28.598586434614095,4108.3563218400795,0
79.59972142939117,0.3058141340620594,23.096739149449302,2829.6687434602363,0
68.22284630247894,0.49961958663292005,32.06035568533012,1502.6477485857347,0
95.13387247526623,0.34098581693197016,32.62584656631084,1475.6302200303855,0
76.36535331082737,0.43353489024979375,18.05734268761157,1805.6875855286225,0
71.34678448687892,0.40971910730372,25.828309067086686,3113.4662130998777,0
101.59509985171128,0.9071543640550576,35.17234715533389,1586.6037217924845,1
61.52873710470303,0.5116830174172183,30.59175100561718,4601.667808361337,0
65.28385961489349,0.3714408999243972,25.98319783617153,2874.562920889502,0
87.00413907944426,0.5880065962957343,29.809327155876797,4600.078884980034,0
68.43105721028604,0.35661941760715854,28.94732529823504,232.0217928957735,0
64.53089017318061,0.5330113790470944,29.20425264231136,1713.0568523073669,0
80.36652752527286,0.4185989330708444,,114.03830343811538,0
86.85704154662997,0.463432291746948,26.80507472966661,1361.259075489849,0
82.18953310665067,0.5504270748038385,24.59866470109654,4310.032361342941,0
84.96047685805816,0.5521449399059529,31.90033720286916,183.04857921100427,0
67.43204911430539,0.633696907355596,32.85551314295684,2180.735499578724,0
60.78189333258156,0.4917746300328547,26.146910249373306,587.835352366139,0
90.01333651955487,0.5306450862963341,37.60320048008522,2084.2032963018387,0
71.77320161157864,0.45622626775956754,28.426992762789755,4194.257921321887,0
72.49166983544953,0.5181989882622797,37.650928118982804,3115.3551670125958,0
88.28194141849058,0.5439486048008512,26.78936413084198,3683.781726657116,0
80.5623000940066,0.4901690152545624,19.86711111700282,1745.5205772479048,0
79.55887772081607,0.31962495159075033,32.01098912456175,4721.988475050707,0
96.65002344901083,0.5331470896330895,31.242725525594935,3546.3104688975004,0
68.56481769619857,0.5364561477355457,30.171968976537915,2108.9940964226544,0
84.27840128081237,0.4319826523652049,26.788837607780053,2132.3240011352746,0
75.57013124897084,0.3715612963927486,29.827138872570906,4593.420889716488,0
77.68592278863257,0.6475879150503966,27.443702710652364,2882.023467176959,0
90.28468426412532,0.5491445510894402,28.488252168341248,3531.8960495152087,0
80.07835756289624,0.47709189690782905,34.20816127882537,2085.176122565854,0
80.38296079049633,0.38629671168525126,30.921086147650467,1118.4638238235705,0
85.72507337309803,0.4178185171578654,33.04975693665989,3617.796459972093,0
71.35047270457115,0.6302590396786232,28.84065746687105,3039.1188607069394,0
66.60790332660994,0.5137661940868046,28.289913270976125,2506.714402123897,0
64.55190805978967,0.4449412932999293,24.23258734555678,3120.1046999723194,0
55.33643410623998,,28.149816937159017,1041.427930321168,0
95.56207129940321,0.41856018125536765,13.394427222054304,3969.6935326597813,0
63.96791634278317,0.6500843030280379,27.048890168471825,4740.814025101529,0
72.78746376414227,0.6352800534896725,29.590629114045804,4455.5157208385135,0
72.2318670011108,0.45334259287972234,32.81836827135078,1607.1787265350856,0
78.07406697809101,0.437132975296914,28.656610612375218,2030.0288664103794,0
83.15737212539297,0.238186680130772,31.738367711224996,4042.0114989878057,0
83.60473488359746,0.35184192284486315,19.101056693048772,2975.585654123019,0
69.16922561431062,0.36605302250422433,29.71581573896525,2739.572218383246,0
73.32878286213588,0.5135190340987386,21.60248603543298,4633.209837667226,0
77.825799504883,0.46737662955586406,23.958482421703337,2680.124804885254,0
72.51308873816453,0.3654664512584759,29.064172260680696,2574.6933979365494,0
108.16701097757786,0.9959522122678786,43.40438945445981,282.0600286196433,1
79.90974951638252,0.5505337147647349,31.856033817350294,,0
82.34877786049817,0.5527839349915588,30.091154985685584,37.1015394032509,0
81.62881268667412,0.31003297191411183,29.90234805266449,4566.221128918168,0
86.73473857485325,0.48717365195161694,26.431855533977664,2041.933300088503,0
76.81021558703706,,27.280082933136583,2342.8068806670626,0
62.03168052044153,0.5901728697140274,32.136880227353984,4226.9347379623105,0
78.99687951752642,0.5784146416353498,23.073197407777528,3046.2315518788896,0
68.4864310620817,0.4101972773675542,32.965270251415106,3047.5079819529055,0
69.71383318250243,0.42339547975996,28.057464664405735,1482.6721467740622,0
80.86364018755093,0.45387329495016926,34.12778537434782,4169.541869622596,0
87.38283071433636,0.27472066052686606,34.805467286160415,829.149880197469,0
75.21271576736062,0.5335968173440576,21.6345799374713,265.7479608647395,0
78.08833012598964,0.4727155453659869,27.09209618386391,958.0167875926616,0
92.02214944635239,0.5970175082567859,25.722361560296882,1338.6860938728234,0
77.40753179488568,0.39015907820374474,20.936360174634284,,0
126.1002904560564,0.8133239296925749,32.64098260227752,4849.99718827272,1
80.65509645631545,0.34934747419608847,42.2062792263267,1089.1229366432176,0
57.39237240844182,0.39957094365057466,33.0475494810622,3383.2915224749227,0
82.53341621104532,,39.58643984302877,455.6608661689987,0
78.81158384882778,0.5995973678846446,34.14549220009168,736.0123054895452,0
87.89752754082745,0.43017381512486075,26.290784194957624,2544.1072424549748,0
81.73181351269959,0.5124175684744613,28.091144016629784,4609.479012883213,0
,0.46192365961381954,32.94218090120154,4297.83794405557,0
74.53678945633209,0.9166183019405856,38.38467044825755,6194.404536481629,1
72.90976742713974,0.4831699576828357,27.113289921458332,3252.3953263908543,0
66.494795457907,0.5599103331863595,22.450034147103963,3379.07433208046,0
69.19476550195277,0.3792240607456648,46.438805936943695,3125.11499465746,0
99.46448877135376,1.0651208758629815,36.435779739934574,4099.274818670017,1
91.69904504351406,0.41502790785223037,28.3713055340869,735.6017253379232,0
78.9467152982298,0.4517016073927159,30.56667231952651,2718.6947808196433,0
76.25338464737108,,41.843153106795654,2374.5862673838874,1
79.4460266822014,0.4336563842780512,30.613644538527417,2212.6860788864674,0
86.96631486645651,0.5037574859335866,36.4347364305821,2618.002865296187,0
68.90217095680617,0.46853091712119077,29.37725760156788,641.980859011258,0
73.65982833327082,,24.186447803361194,1797.4386692605992,0
75.14688194729197,0.2619260894476503,,317.2478043830179,0
67.1510168691776,0.3170318184791917,27.677991092950446,4898.340652111995,0
81.4828043384386,0.5615967006046838,37.119494686234255,592.6401441006307,0
73.79051851392218,0.603718140564905,35.85559532368785,1292.6236927247726,0
,0.4089513296468479,,4456.464633516986,0
66.125078221979,0.47559716478288655,23.606320725903718,2413.5502311957093,0
70.62541699676589,0.5294719252902301,23.870538682800273,678.1860076031516,0
82.22381357827771,0.5693217601658704,30.07561630792277,1921.1526901967445,0
71.27166847908234,0.2972322728329151,31.681614846606404,579.3399709569292,0
92.26963851233405,0.41139597530216226,28.126885903369725,1001.0799854225089,0
71.00363814385398,0.4667420620150125,27.59915207896383,260.1492347492251,0
93.87086391095066,0.8032235763051667,40.94283140734107,3189.5827075396,1
84.3259083187309,0.7498430483721494,29.88303019878027,4033.180608626299,0
60.816342670669684,0.4771994273190282,18.086188239634673,2929.8458934994774,0
72.92574796255877,0.697524592178225,35.810559833709654,3651.249553160657,1
77.35440448329798,1.0793812160549383,36.87634357725955,1443.4326141313834,1
87.62584103427182,0.632099578954071,36.0375159747596,1719.4692162618326,0
69.48141854107553,0.51080141209795,25.930931790355352,4226.21051920416,0
100.58199285668252,0.40933514548457073,30.902340709156032,439.2809216325727,0
69.35752401342612,0.5957993941480019,31.13271375465498,4289.6532683426685,0
95.90373189959087,0.8403557334295458,47.09325732136669,3448.9729367449613,1
90.42109952567876,0.39739191558043757,36.31288703482075,4185.737156625586,0
95.06092888159122,0.5381425617534342,29.71248515602542,1590.0320969720017,0
95.61503576636397,0.5997265567658873,27.622576294052784,1694.214757915104,0
87.08366230593143,0.6181890042558894,26.68083448587155,3758.0243416157136,0
85.24062525811462,0.4933551024690544,28.794683887671095,3924.9808669611007,0
80.92526949201184,0.4641920553820681,27.829833228382,1148.223389950734,0
82.78361076166638,0.6227273822081263,32.76813704679116,4864.356624109528,0
69.48814283671467,0.3789839497019115,32.10154908742602,422.4505212241447,0
66.81801116577692,0.5438579290921005,32.959005955725075,342.51481551065444,0
74.96625542589048,0.3629973372635571,36.29641855718084,2977.521076430514,0
73.29815377475072,0.6065376272259603,39.31434560700089,3613.7038388581072,0
70.46771950672725,0.47419544843888384,30.623316967037784,4804.430646124869,0
81.96387447456715,0.6268583235647469,35.49731885697827,2024.7289039943078,0
84.5530520857051,0.5491412756355527,28.241699080828923,126.45704494816556,0
75.88406886291847,0.377677976993807,35.92503491791508,3014.481697232035,0
89.77530081055262,0.6424627732077244,35.30754578587922,1448.4801029938594,0
63.58310885866495,0.655124526642773,35.04207984971496,2164.7356059770113,0
91.09143989636492,0.8307923135275644,37.11097957995128,3141.4586332326,1
67.83177679397195,0.423841213496378,26.658209180045557,322.5630536901691,0
56.3346338292694,0.46939860456425914,23.02735781067262,2429.908922820514,0
74.17319314157301,,29.799813962394502,2131.598334021574,0
73.78252491616716,0.4296289600668567,37.665062711245916,3562.721326432966,0
90.13449743242131,0.6692346572463205,28.450775493179634,3228.329556061723,0
81.30811684554777,0.5144326471726037,33.92563292730027,926.0785907528052,0
64.75813175670795,0.22966519528926427,34.219757002594655,1030.6945910519848,0
93.54092566334188,0.533935581275622,,1255.0308938718663,0
87.21033695525352,0.4651842603182687,36.5817241875976,894.7522014858866,0
80.82097703468615,0.4925073443881552,,3286.0659983423357,0
72.73515901150168,0.46313806342143005,23.886248606309124,4972.1508960013525,0
65.4056076327652,0.5807046416606687,25.4218385182077,3260.541702579683,0
71.27793223928947,0.6119687778553381,25.90142488566305,3033.407730956456,0
85.88748619704185,0.5283053162258654,,2049.639666755362,0
93.84586305934609,0.46606888128618407,31.45018901526951,1562.9012942988036,0
90.43243528272188,0.49586627951908296,31.96995286087504,4555.368784532396,0
70.11150578213726,0.5019599616577628,32.980407470662435,4845.009370710765,0
91.90252107903146,0.7443489845401954,35.80653908079857,3633.6534764462085,1
76.40886246911204,0.5578928648571235,23.909119665963406,1451.0024775327872,0
57.31560634437149,0.5460042323860466,31.981598410039314,3850.6110383488385,0
78.23167714184781,0.6540441239776673,26.848839631767806,662.2839543343922,0
88.33890065309652,0.9736392697644998,27.975282962860348,5249.41274613729,1
70.33963498131757,0.431432508240987,34.85672142270741,4094.7418715566937,0
59.05296932733204,0.5820298374508965,36.97550953251149,624.5197231358368,0
80.13600106569717,0.40490466169055284,37.785804448493295,4884.307343982819,0
69.6729916033809,0.5695932100940849,30.935038607373603,4927.5614519423925,0
63.30083164289712,0.4483385801239892,33.12966047986451,4683.5973966367565,0
46.2773778671835,0.3976746776624416,36.849341116809555,2480.1740470313216,0
,0.5280045342697405,26.79292104988283,1230.3707113841422,0
92.72251596669744,0.2325432871845859,35.55338842027046,2910.0464044095647,0
91.6125921454787,0.3249024425594772,31.376981170716043,2099.6691923571784,0
70.42903743413729,0.48225081162257166,,1029.7432235859856,0
68.97787939638219,0.5082441766634842,30.930465104379678,2118.3820480892377,0
79.68774256075024,0.4630681229841811,36.48128354874001,3319.4491783879525,0
65.01614560811709,0.3420563701282401,31.117618812707683,354.56655392995526,0
78.01791899819466,0.41821081578614944,22.58010470266291,1667.0900072300826,0
82.6608027838469,0.5391209327237394,37.25963316157361,88.97445006412596,0
87.26933223884308,0.5581781770628362,25.26234629513944,3747.4775273083783,0
73.99845923520047,0.4983776882404059,36.26529105121957,3203.456338083504,0
72.96326249823034,0.6156833781036989,29.54878559279839,313.3606735098293,0
66.2201741324344,0.5397397023459234,35.88005492598853,4823.687798009839,0
66.73119645960139,0.4252544346041788,35.673843074333824,113.10778563550339,0
72.73521108098473,0.47194979465883824,32.15071487157686,2949.8032323804428,0
78.67365506816178,0.3597133842792145,32.542676588135656,3881.837308995279,0
84.13584626233249,0.48918610096085835,32.11314308596283,3939.481565223615,0
87.28459559274721,0.9678553447145946,31.884437575302783,233.98777679387382,1
89.92688568959522,0.5685290084710968,30.59165109449101,4532.075663202197,0
72.2887639895743,0.6402009325919122,24.419679119640527,4592.258359635611,0
,0.4697114756201007,30.855935718728315,2806.9518657718636,0
67.52788320852177,0.6346099794514257,24.285287268083923,2410.4159944357307,0
50.75759739727059,0.480669577355203,24.075240293869626,224.33731531299907,0
83.8404539636105,0.6471585082569894,38.02467250876951,2809.770712549343,0
82.36843897092433,0.4978143252557876,35.347236940620945,,0
72.18672442881787,0.5707231373804277,29.979287075279228,3864.0320370432805,0
75.66990717224871,0.6475112364309856,30.92384325124512,2019.4178344304391,0
80.159392177041,0.48065723714187947,28.760419871284956,3417.904166623549,0
59.374541431134574,0.5218388987544175,32.849381879897614,507.04073118765405,0
69.70947322653706,0.6288863425206302,26.619728167255975,664.7613538298347,0
82.94264679621827,0.4866996836069936,34.96870131433979,,0
62.45710576830751,0.3679107717493839,28.734565794929445,227.62749899871758,0
77.9355793216663,0.714300705458491,27.900765020843856,2706.644296349019,0
61.43418195376595,,30.108565092424215,3969.83863021818,0
79.66429982433526,0.5158756050937543,27.044265850371946,3052.0560184683304,0
74.64358517702516,0.6156006669451127,31.643411747482414,2874.774427764281,0
58.848681840944906,0.4391506096268798,27.313187053433,3403.119642013682,0
86.64739354457171,0.399213208677787,32.34261801409418,1698.226615360074,0
84.6349934409156,0.881331716920049,43.83149137927708,2593.3617904807948,1
66.89747562985619,0.320692360208761,26.403391565959133,1571.3504911046127,0
77.00569197230944,0.47120939231320796,29.347122713524143,3560.544664267878,0
86.48637349428715,0.5245038664315406,32.30665356517711,808.2016783538714,0
64.84178181021603,0.4730048103174836,27.820713225092966,65.1264015646219,0
75.61679849847971,0.3456549056814253,,2980.982233612462,0
79.28816500330574,0.6594177956204013,32.7769943032587,4711.906823671027,0
103.43692078706887,0.770687141826215,50.83119645071559,3781.9573858620474,1
76.76441555277225,0.6431152117761741,26.97004976957544,3914.6082647044755,0
71.32972160916678,0.4739963749819555,25.286123798847626,3363.9535473301507,0
66.7240977935128,0.41199880183092363,28.46211305218128,2487.183267615081,0
75.86143883046375,0.526918092025516,25.1612383022645,3591.96200891923,0
64.27860988014393,0.47842128736717804,32.822491020237486,4120.520619276109,0
45.78649516505393,0.3822238542008642,24.191243499117945,1123.65822085849,0
97.71943887579181,,47.85297225232671,2433.5346210284615,1
84.03934841086195,0.4377729777106004,36.47963930786875,1118.6286625164194,0
51.37067564458162,0.31597336152044314,30.06287884800157,2260.8647779522053,0
64.90269295290062,0.6328166053957333,34.33697246498988,4425.322754583338,0
81.19154261005198,0.4495701984187377,21.815990678446042,1726.0355041766618,0
95.574954697117,0.43921761073843757,42.616866656997786,1872.3344456527668,0
75.20793707675408,0.3234612412970026,27.048926938997553,4301.8361733596585,0
67.71997058770866,0.6740941486596991,29.397512930503204,2576.871653723376,0
73.1710355889516,0.37105194127903124,20.720333564057817,2677.2449982371722,0
88.74876419148185,0.505844948070565,32.43143652370448,4304.006016661065,0
68.54035820875464,0.5912620322540441,24.468279214614455,2452.6336851273663,0
67.00807993349747,0.5421716933003097,30.508278807830145,3407.7876731469764,0
70.17256477817968,0.49403456880078084,27.27862783537731,428.2233293703036,0
65.46671391741287,0.32983341417125833,24.611280325348282,893.1585656344265,0
76.22670315994796,0.41902751642327163,25.978192491186913,2021.881003581228,0
91.2467845846956,0.5187800338042522,31.128940170427605,2474.1953390993745,0
89.2774376706077,0.7433118487448861,34.0921959084661,6869.86392181028,1
72.47646497873713,0.5203359459998768,26.255941644882114,4853.25816523895,0
72.08188731084456,0.5681743408815142,33.316366906322386,4255.985437393809,0
,0.5962502885800102,43.01239937437157,1577.9941764278726,0
108.86331772098802,0.8288714750253242,48.004906619924185,6192.900818083898,1
74.22162802987198,0.7196646054978955,25.413691789113564,3446.7043233810627,0
94.87878101893406,,35.53124735857805,2491.7618974537972,1
106.93107567844861,0.4998285846330936,30.157945030762892,3508.3745849238317,0
77.98752908365687,0.608953658307664,28.252875246821464,82.6136489326329,0
67.48208949904816,0.7365407771999973,34.515290833684666,730.7734113710679,0
70.73642403794457,,31.08736741507112,4148.428557781838,0
,0.47747373575086466,34.53926192454935,3227.8681843658555,0
76.13270410537764,0.26215683401266715,28.427781048511854,1820.9735064594202,0
60.61722021682633,0.5192651532648025,36.62750109860628,2503.333201113594,0
98.46308364736295,0.7966358945334583,40.82740655896858,6366.842811843127,1
86.32174168802379,0.9904990075980322,38.328083769568536,3862.4192372050634,1
93.73297776217545,0.434546642900169,40.88660190521111,1990.7464196716512,0
85.80048065714648,0.29504854838116745,20.875111265194416,601.6332869876751,0
70.52678104341248,0.5373533683411769,26.306306373475362,1468.734008127805,0
87.81016361735112,0.6455434483915325,26.864860740848027,4891.701163982917,0
75.67855510527403,,42.541531365282815,2186.8153142588876,0
83.52773675122219,0.5440059929023146,39.03429442073256,2359.1973192243045,0
79.84732817294474,0.34318556865799493,37.46964071821099,2492.990161985077,0
91.80272242340922,0.9119443948601484,36.386439551873636,6190.695865142054,1
68.56450167682539,0.4606617702255343,42.13089001920888,3019.6414219265494,0
107.15152136583677,0.9283576506356102,37.93330717644529,4635.05505446521,1
71.65224667893459,0.4239636358783869,34.88631685151561,1947.0677127455199,0
70.96351536758003,0.460638841796699,30.898476905531034,145.43809294487176,0
65.44877420650647,0.5382433315692535,29.752667143383743,4654.8645712142215,0
79.23599065593461,0.36878367988044825,28.741106630368105,4745.638404582032,0
95.62524919243145,0.4602884668432147,28.95180003290419,4745.765266740255,0
64.32467085745728,0.49585282220008525,33.04245824339039,4718.435433233582,0
89.49511719825409,0.7330850924467645,40.29104542078183,5569.522718398394,1
89.12220555415429,0.6796665201675017,29.84264314898158,3422.980250581634,0
74.20358608754285,0.41465045199386585,37.54761996349427,4222.549591336428,0
79.52371796249734,0.43305630863665096,15.166234656296346,3002.7311950051812,0
64.37606471853121,0.4021692050177502,32.549436239605974,671.8480694601182,0
79.28307097207649,0.6798480087138118,33.588693533294894,1956.0908252071051,0
73.12855734995452,0.5552905228599482,35.73481434127585,4856.474559864688,0
84.85729995679863,0.4063407993756358,29.675642794733193,1755.6890679782816,0
86.87386051564751,0.6106231558859969,31.039600336919786,4339.139568656848,0
100.89563642018614,0.5200698694288879,34.929741916573604,466.0573538743479,0
80.79633173213576,0.5257253421111502,37.4558320214009,1670.919211877348,0
78.25796316582166,0.4655522791247547,28.49732007410616,1754.766623636898,0
76.94384301577335,0.42505840130430267,31.334878915637802,258.0127155449008,0
71.46833707189312,0.5337766099054602,38.39286982174379,595.4716509337749,0
78.38483843461691,0.44549127700044094,19.379864620605744,,0
95.18020120451999,1.220366446363478,35.44676517921328,6014.35466231757,1
76.68460976269614,0.37307088947568956,37.32917989301482,317.00994969903195,0
88.17597535607959,0.6536156772854945,35.462689168041514,1493.504506721936,0
64.9345743472036,0.48886811512021994,32.612226054633474,50.87501294633756,0
86.39878561129045,0.5299085734021106,27.757015634454397,3478.1387270151235,0
88.17115067339866,0.5833157766629434,25.590907505072902,3101.515450216899,0
73.81931473008922,0.43697507049955636,27.04392190378813,3224.911310265709,0
53.78145100991405,0.5864248384698636,37.740041104093464,1871.9139235730936,0
68.92178012905568,0.22924561446188224,26.857786554223267,1041.3391063378451,0
87.96994546561109,0.4280010466778061,30.50711482119829,3601.6010664301666,0
74.77131937701118,0.40759371926589344,26.23146177569127,4055.5893637034756,0
65.0069776770509,0.3746493987628238,34.21387015049513,693.0074904910089,0
69.95225078771783,0.4785045161921049,27.306368598267795,2434.1471396871066,0
83.40620026504553,0.5385749968181694,29.51203054922793,1243.5784098943125,0
80.4673356820138,0.5702659998499305,21.58308933478587,840.5343060306686,0
72.61067900830305,0.5240876757200408,21.9331588189753,3671.626567474995,0
71.33175588185313,0.4334306535106453,30.038365966607532,2690.484677364185,0
71.08241850956178,0.5369016437825167,23.37421422401119,1080.9266618933389,0
65.77589815501497,0.5124285694850851,40.52543319667251,1550.0000560577255,0
91.15375689469442,0.5936056167936017,19.692384439438754,4833.268356638712,0
91.93300092277634,0.9283183311069951,36.911371444777586,6127.512480638419,1
87.17158520825497,0.5030476413920629,30.083504336337754,4399.733714365641,0
90.21316051922452,0.4102746993838743,28.17433531102108,2300.06048540354,0
84.9831089814796,0.4347049844167919,24.479272716680406,3119.0363196043754,0
87.59055871984971,0.6717119025206112,33.50961559395717,2456.53906608236,1
79.03730090336609,0.4684733666083744,25.046729612503807,388.55987844445275,0
74.75804393609084,0.5268050427589753,28.566391525899686,2005.3465532839127,0
65.96298139269872,0.5715174390128058,39.75964544758712,2969.9037660357235,0
78.24359281721603,0.4948881306984622,,1435.7213538406572,0
63.20960208840198,0.5016124787900472,35.91450244693762,4239.752873637079,0
86.87679388461564,0.5143306305000004,32.53488172914071,755.5007958729931,0
91.31741374446473,0.9399045345406909,50.39645534641869,2207.6355360176503,1
77.0115965587284,0.40746077423570437,16.00017848703207,624.5195266210146,0
77.83287871546142,0.324456210268929,28.47770989425885,2024.1606699261267,0
98.31574775723023,0.9886614344884608,46.26858704065456,285.48724639637913,1
80.86693801475275,0.5473145453267787,27.141320886253332,1362.746975308227,0
70.25096343377476,0.42970885619604327,,2003.6762755684185,0
83.71297297457244,0.476219296257406,37.41945076883881,2390.8268163834578,0
61.54020319753251,0.5466431287412317,27.65434641936269,2718.481792375709,0
76.26379579546412,0.5520689496422668,27.484182404768216,1374.9556489495944,0
94.38928999058285,0.3920467147833961,24.931970788227655,2615.206673074362,0
64.99668675394426,0.5997059356453641,26.85202884068101,2545.0231078102993,0
68.22255029475149,0.6127350089355486,23.837054679155422,1580.890254381042,0
99.42867723514354,0.8020366557034939,40.693038102604184,5571.485653822464,1
76.79581781939598,0.4176163130358846,22.719767533267834,2728.2056329678257,0
78.50630099273559,0.6191090683146192,33.01866508095111,1661.348593732725,0
93.06183172062534,0.9385278486580695,45.061207184896276,6457.961620365414,1
81.3472146856177,0.2780222052548149,21.693977974080386,4225.562065355805,0
86.09699841956223,0.3600318495267314,37.7490930316417,4912.939057759005,0
79.09818656928513,0.47506303748275186,32.56804647207611,3461.1693732271037,0
72.58742345381458,0.3836957349715398,33.74849010722434,1891.1145275302345,0
81.72573701202731,0.45865762293635587,26.206673992286138,1404.3033333950616,0
93.99881934895215,0.5032396213683579,33.11189559236559,,0
89.07869596839302,0.939095573376785,49.87268635188511,7137.580407968757,1
65.25470695329358,0.4709546083772211,29.506958004976614,3133.575400519244,0
86.07080669286972,0.6072541799572759,40.009612296241805,4408.074704949191,0
73.79618836046401,0.6428760162036771,30.220323174564687,1645.517155238843,0
53.27330453985964,0.6434309669352076,35.70392900226237,2034.768912371278,0
83.47421677150422,0.5284754593385568,31.465044036293275,4531.376197946766,0
69.64671814046078,0.30367108521610253,32.92760766428434,3784.333509789094,0
74.0946671769584,0.5460824865403865,21.64333866182614,4907.051601839529,0
78.31980330569014,0.6048399887813541,31.855268691076816,3873.8210486612097,0
76.90499679779066,0.49189328945645827,26.32512449371367,2242.5785360911586,0
82.09451817139039,0.6744583870075249,25.76800847111156,2655.3400991118156,0
70.64513629430157,0.5859833561467458,38.720515922329895,4502.577462315683,0
80.13105798176083,0.5568273377152784,28.931148759688256,2758.2336804902397,0
72.40453322416083,0.6086380711205838,24.983490845122517,1276.986870822226,0
82.38810480887503,0.5333369851260878,28.204341859455628,2178.0990638497474,0
81.15367484013053,0.25071895006046463,23.49774885539043,2581.5799442455896,0
65.64561297955404,0.4500861048529634,37.16942234098135,483.59916775564784,0
85.85982116175032,0.6197168027247854,26.521596279167426,3718.8133712644512,0
69.64036554885952,0.4192408659901704,32.646499669718345,546.7696667748651,0
83.08057798281145,0.4776527494763061,36.78053357105163,2024.5885668440283,0
78.6728731340134,0.39551636860969286,27.499236593926355,4023.1122077020227,0
93.38183676795123,0.6783922595201769,32.66011216136393,2337.8518080664844,0
72.76534017628148,0.6681492457418016,24.84956972547785,4210.07759859254,0
71.50683203881802,0.4116131104859271,42.228847845568424,1709.406610280575,0
74.80580394112268,0.5147298000389084,34.68190067308311,,0
71.96820217165724,0.43195059522359525,29.03696780619597,1047.3421590261778,0
82.9994190194205,0.5614944639031378,26.135831345555182,191.32072494650654,0
58.83689391563412,0.5509683077242329,29.43001723580187,4362.132714952093,0
64.46317580853646,0.5811705571613266,28.300081388242404,3761.013579752041,0
64.32197078420808,,39.76472276999753,1159.919185336864,0
84.50307591973575,0.7935406206388469,23.872326388925487,4923.708035683369,0
92.10613372581925,0.39720762349892613,30.674007116451016,2511.400646342639,0
73.95550781462528,0.3289396645563486,29.90830966683145,4755.327200720818,0
73.31178276809989,0.46069097992985386,29.412948498275654,2525.1438569349966,0
,0.3432011734439733,29.45691672530829,2359.372933856455,0
86.6187830260819,0.3507537729994007,29.419645949397584,2245.692685722325,0
65.72646865809426,0.3998685345802033,34.3653303316605,1674.376380664751,0
77.38368982734785,0.40778110945683727,33.04492223246218,2668.5074858827584,0
84.7519762978243,0.404538189804994,32.09455805686393,2262.7733097428395,0
80.01094169939846,0.5518218950445412,14.830053189273656,183.73438311777068,0
76.89581616598744,0.4493810938914664,31.49897437081582,1302.1761671175125,0
108.12223991671577,0.9777647865349921,36.95495705367756,1469.5360675329052,1
47.967677070007625,0.5894232774500935,33.23160081567913,4337.178011605332,0
81.77875319530908,,37.37248683785258,2994.3498861342073,0
84.34775260752899,0.9507323414037621,39.42279607838021,5727.316349329345,1
56.69367103143543,0.5365759986092915,28.691096388286468,4784.130188746402,0
80.11202599524981,0.30584321993797786,27.003221474735014,3220.1963626320503,0
110.55150745032013,0.7852988692291777,46.93162898277236,7148.432973227516,1
73.62551485372308,0.5346117328797723,30.475139426360364,1558.820258260648,0
84.52874547202939,0.5492014280566898,38.64164690283167,931.3359115644693,0
91.12278257988646,0.706422013485241,32.06877101473694,2016.5494399645572,0
111.14430093711596,0.934025583031143,38.463247384401996,3305.717748872031,1
91.39964529371393,0.5819739717258094,30.341033913014183,4476.807714262925,0
82.42127491071892,0.4804527356414026,34.089960496286686,,0
75.75433638901593,0.5297227221585087,21.311569008773283,,0
58.980341881028316,0.6667256841749534,30.42671977760255,3713.1714143376043,0
72.53937511870052,0.28760071818743643,29.649767781360175,2529.1596856953547,0
66.56753404683808,0.5413616257571681,33.62709413578883,810.6597263758508,0
96.70942717497815,0.7135586730077366,29.061491970629817,2884.098937956261,0
73.24114187567663,0.5282034219209343,24.80632782918665,4556.972684036419,0
76.23204806784486,0.6650572963232848,30.036753374598497,4213.113087379101,0
80.51485376040468,0.4370787850470558,24.585797355658283,2934.0498631766554,0
75.43602446372454,0.49679525058362867,20.373688937062575,1885.4158694249406,0
91.95051040430752,,33.635612407427466,,0
68.77350638265548,0.27824089206412295,32.895307863473356,2348.244616658119,0
76.94607455237242,0.38318221721497997,32.33545471996787,3760.397187647896,0
67.57529414301952,0.3903124920616014,36.51464210972905,1801.368598665053,0
61.79977488779294,0.5822066078032527,26.674840548480375,1177.234127758322,0
68.88230909094715,0.5872153105684055,22.844429286143725,4656.8985963547675,0
74.62963202951588,0.5324036442706533,29.649851115959777,4107.7785022899625,0
70.7069777548274,0.5824102896855706,28.262498501470446,3191.378097100723,0
86.27222160361387,0.9795649049351642,36.78353471872545,1013.1869662692512,1
60.93682536328166,0.6201931669539543,29.60075423256102,724.5442020308651,0
74.16894427371305,0.5008788442632072,26.941974268977077,516.0979572788948,0
59.952796259689975,0.5057864047426757,20.819973583215845,3081.483334463716,0
82.60055963689602,0.47344073667375886,27.794116546031198,577.8139823666801,0
75.82439752934503,0.5684450477636428,24.318124166480715,4213.135994313166,0
60.4244850053507,0.4578801183387087,31.158240358054613,4964.82500909661,0
71.90790922950137,0.5976431377198068,26.719826208796725,1831.7409235433263,0
67.47843594409417,0.38678508592839933,35.55815737070526,2268.349234835487,0
78.19174510419181,0.3901083745271806,38.01933033633933,3558.3358849283936,0
114.321764596343,1.1755153894427501,41.921066829800125,5818.134826784456,1
56.248275303542556,0.4911455785416987,22.244869090083398,4470.468867781926,0
76.15026079147417,0.4546108583846872,37.5259799943952,287.9591437492429,0
73.3986720443336,0.589005773247546,37.87860225186883,845.359012783825,0
81.71340076450466,0.43927385859139156,30.093952556539705,3772.9859927889615,0
77.1319662823769,0.479979874569963,36.61463080167766,3444.4655401622367,0
67.48030668261181,0.6399227950071159,27.24162430976661,666.0929702006163,0
71.80946064333382,0.653914234581065,20.668770325752053,2510.3229100078383,0
86.46589109624256,1.012808601943341,36.71195168208141,5241.424314513945,1
85.76007138598598,0.47178742230660886,38.646504330223785,1093.9034113134683,0
75.21311648671943,0.6230702904984471,22.544600381942633,4356.438178673331,0
94.01190685753008,0.4051047172231322,29.99760640965747,264.85887410183983,0
74.39339186185379,0.4093097125277939,30.170719466701062,3910.9754253403694,0
67.91593233089537,0.26495441473756387,27.43512878016094,3079.0944989493514,0
59.862856073871725,0.667286820189853,27.782392000814426,1575.9967332717456,0
56.96860323744055,0.41360201509239214,30.361245671181013,3604.6627417095565,0
59.158640569945106,0.487346742025294,27.189188290326364,3911.828975755798,0
77.67126651011483,0.4089675658071716,22.889707514160342,4669.4948565198465,0
88.61293675464651,1.0402032032071689,44.03385593529628,2667.4785492000874,1
59.188092979678665,0.46243663392826595,35.366832912224865,3430.083679899775,0
83.95038314076115,,34.34786259326711,3013.0813846734545,0
70.1693894831656,0.544166256418606,25.95132266305094,2626.0303472854425,0
76.4679301198555,0.35662699751897714,23.74386042311162,4452.08237077519,0
91.12220628255425,0.41625942746845085,28.579060589226106,15.836570692001617,0
83.96839315865532,0.2893110885373919,37.83895754897832,1410.5580305179883,0
72.31469352094167,0.3576041887802393,33.22799039479773,2691.3861977241504,0
66.08807774584713,0.5178529169720478,33.519823383971165,891.4663081827617,0
,0.3035463961897075,34.449284758927476,4539.332668663791,0
67.8084668075758,0.3518854275378284,32.103832812592934,3237.975588065077,0
72.88869761172306,0.49976310838671917,30.60304273806789,2389.4149731599496,0
65.12820472848816,,33.31153448323984,4073.5087953332727,0
73.68743032907695,0.6992036635959309,27.2691694789099,2254.430957325519,0
75.76851882958768,0.6833896546024376,22.927684943168394,2793.2650596500475,0
72.75144018191921,0.4132077537248846,33.61498467312162,13.754977769604992,0
68.4999741917654,0.5557137618403482,36.18869052874612,1828.5026509753677,0
76.68654671966728,0.5749282556879451,24.408840303219844,693.9523617548488,0
79.41940649569409,0.44025211419755966,34.1096074120795,3448.4434033114553,0
64.09600922557154,0.3504458463501796,38.40382856694095,2395.134794878669,0
105.20773749360038,0.8794116473988443,41.390864805669814,2151.397234737549,1
74.01411867715738,0.4827154325185889,25.909989076291268,2339.161696858712,0
87.19500060120592,0.81741280192197,37.16245233780539,1380.0678579693074,1
82.08214423256557,0.5442316868164485,27.247330158996494,4625.433162430702,0
77.33216131263502,0.4249270392994401,26.916349450217993,269.863162754565,0
84.53136633913245,0.38480024524208567,32.165920336357715,4327.085176480602,0
77.87124165201824,0.5109082970349832,21.981352624850523,2556.793943666755,0
68.87562625359563,0.5385970092568876,22.780355387538865,3094.7324806940865,0
101.82585867700217,0.6967903344331047,37.11610487577159,2224.418469597499,1
63.56273792679338,0.5928090610991081,29.888457305437843,4833.488083971607,0
76.08559705776523,0.3229518862223922,31.71777288519968,1409.254792597449,0
74.6677000935554,0.44218865412843567,39.376126942416946,2944.3899857015217,0
72.9188314272746,0.4741991463802391,30.522570180379105,4967.083525535644,0
73.71462488561069,0.436377628734807,32.99086075167397,4405.471981917229,0
56.18150954502361,0.44349395264488073,25.12233532192684,2681.6491264305305,0
69.51275092259039,0.6871074482308114,33.839688317582684,4951.87261483606,0
97.4461672464258,0.8194406358255968,35.92145054302907,4546.156317110494,1
76.598563919974,0.7441221722471913,30.357104162905465,1043.5020807090468,0
,0.5437126779731052,29.455756874654192,2027.981052179032,0
87.65707840864701,0.5092055137311992,35.16487117457015,1672.466670057755,0
66.33825151785499,0.5476240353387666,23.450117228125002,1720.0685413559459,0
84.69457200526736,0.7529927749251952,18.583806826924803,3802.2821967993314,0
79.27194361871685,0.4006406996068552,28.93283651456038,2921.314636363968,0
68.53772690156197,0.38795820810636106,32.34265628452562,190.4635579476427,0
92.75310892609512,0.4245133803428079,30.7613468790375,4387.24241825488,0
63.0636316824352,0.503214314696456,36.16102118706956,1483.9807024008228,0
84.19154173610002,0.32742288751874266,32.186863370898344,4985.374384565718,0
85.00582318042979,0.5022339239318608,27.1807583407007,4770.953651673929,0
68.29379790923355,0.6693547133413672,18.3728992293016,4702.653583409826,0
88.92465300064329,0.5151407390624777,28.81343882902391,4055.6380203198682,0
72.49953485401048,0.4707314541024723,35.13979501128899,1103.066658417713,0
101.10472342791434,0.9530382566339577,40.628808496378035,3299.1479052523537,1
77.6032183877122,0.5898511704551564,30.141601318388823,1121.513134124873,0
73.65691258529452,0.41741672267619523,32.10680127153354,1298.377277944746,0
83.10808273159782,0.6846395920599249,24.92353812875092,3054.758847181387,0
82.93488720552213,0.6933359747714357,,204.16772676531693,0
57.51468026761819,0.5256750798661788,38.18560895000853,4847.292834103539,0
88.04340242878152,0.4988484911923355,29.135933240532967,4593.365862889822,0
58.37508011964326,0.603065980824156,24.35467789083849,1903.837860788599,0
85.32546204341658,0.6094798502227325,29.666994864890132,2577.1122400345653,0
86.26705136827583,0.41940082689405844,18.878079456955657,2330.597096338795,0
64.09033569784802,0.4473444866863298,31.68451631988308,4410.998893087349,0
70.89185712045415,0.36776525653167047,32.26137188824289,3443.0093815805553,0
63.94295331514064,0.5409064938334057,38.37818146922781,1390.5562371217823,0
72.85078969711265,0.5666627883456891,29.030026037166873,2234.2062723264844,0
71.91965715814258,0.36500743621387266,32.04242669073235,2144.829878433819,0
82.7966053226934,0.4544801095183841,25.693559488070495,4796.675841419593,0
88.10308746119608,0.3652746082418651,28.217864397374605,876.5545525731983,0
88.95683810789956,0.41012001897561623,22.374072816689008,447.8816864721452,0
69.37831973421697,0.55510170602263,29.026051893583823,4403.094160808451,0
72.90778126255472,0.42665179333217207,28.473454232407175,4483.429947529355,0
58.1656180777905,0.46991740439677016,31.495998830444478,4358.695439560824,0
66.94129933503811,0.3372688272052684,26.882015598336803,2554.884578127782,0
84.64851633097457,0.5186990209724665,30.41672675487546,3298.722141347302,0
91.15582823548232,0.4955726680155351,28.333099721961673,2816.8152378049194,0
62.65651128120078,0.4271040749966838,28.34250305850243,347.2391302720046,0
69.07535740847106,0.48109857023175256,30.40181162981515,2979.1744845036123,0
74.73594243041073,0.5180294880503444,30.20261471158505,68.07073628050442,0
77.80161158819607,0.4185131851090656,33.805870195258194,1624.9370477854309,0
66.90396480078354,0.35237374559982204,29.396784829350825,4661.462879365835,0
79.2406104446409,0.6805574432686815,28.250573254384985,1520.2263481790378,0
70.26160652929084,0.43667272952897274,29.09596277456387,4699.133213221239,0
74.85547729121721,0.4903239896813111,26.426679415795036,1250.6697857462211,0
80.462842480037,0.6010839735020314,28.200444532166642,1572.8112023076624,0
75.06422269810938,0.8529055187570485,40.15579356536615,3142.0374821927676,0
70.63614109473431,0.3755513550111134,25.436606196520664,3808.134863946474,0
73.90390196074169,0.544982721372651,28.606718330603453,2506.93884002442,0
74.11637040794665,0.42924477147058937,28.062556683651547,4410.578435970777,0
71.29988970117873,0.44612096954232894,28.764141938778003,201.20210805309625,0
72.41203937332898,0.42797879789932103,28.343803455608025,4610.974193171853,0
90.98647170504717,0.3874345032199415,31.396200506105,981.5389994770402,0
80.6091944794124,0.49587086382153384,21.449124493041026,4421.19372542328,0
72.0451968197084,0.3525497312951764,35.18585736266002,2004.3158974319026,0
81.96954404510736,0.594680756651187,33.16291399821099,4163.785279355188,0
71.6618051024399,0.5055002936033375,23.785642069684325,3358.3277490184755,0
86.73124637586642,0.542243497290144,18.654613635237993,879.7081623913106,0
,0.4533811388053777,25.114639269292994,4590.237849407242,0
73.92697855995772,0.46327960657882516,28.786667692864388,1227.5869524422983,0
79.47716925810278,0.5287563905167328,42.90145949345387,1220.7005934749955,0
59.291238479315005,0.38359493675941747,32.716284824871366,4070.8944831869026,0
63.73232531090195,0.46420095655866644,20.962051754092712,529.3662778626051,0
63.060749936009444,0.41403864861215456,26.551722475495282,1110.1795318523016,0
76.42943094763707,0.4109431189408986,29.733937818635084,2518.3878671053117,0
112.70422383313755,0.700248362801047,42.96500174693411,5727.868615513079,1
97.31300146192632,0.633932658948,23.426255698447886,737.4198736863374,0
103.78634305590067,0.7825130467502183,38.29715243108412,3902.9336845646308,1
80.00844474944456,0.616337605516355,26.411804311947296,3556.2029590146976,0
56.989422658472606,0.6068792321394292,24.481207186988417,4302.976123579757,0
69.57326200265979,0.3714000293483506,31.29797823349477,4677.827801011098,0
78.62969957247654,0.9957702961995586,41.73092282268141,5670.428362986199,1
88.76175212961462,0.9777407494716994,43.85542611849091,3989.7436978198707,1
73.3185618141521,0.6750925941927144,32.87193175566938,2168.1004265638294,0
70.27909422302872,0.49684814866718957,27.513152334298685,560.5507709420981,0
55.20700189624212,0.5257373106417349,33.57274880731753,3548.6859626276064,0
82.47910256117534,,31.54527219052144,4963.686522377435,0
64.27256974260193,0.543235271420034,30.669709414760067,3683.8029736604994,0
77.39246864111149,0.42828180992775283,26.941534391491007,83.5554686886314,0
95.74082669749973,0.29676462357016153,27.51561936329236,2481.2998902091936,0
65.80615408413577,0.3678444213488949,30.36943468062277,3073.2331624145195,0
49.697124772536704,0.5021092747850587,42.1993723349275,3448.371005514215,0
72.13995778119889,0.38689327644974125,31.506212400456953,3598.629178003543,0
86.00959634998571,0.49327225350864656,26.94405748874857,2790.54220608262,0
94.58347454220593,0.3925338960567137,25.838052775152786,1116.8016636712014,0
80.80189782753838,0.7093313418938523,39.755013659974324,6050.076620419721,1
79.96699223236521,0.5853165306413192,40.88646723774533,3483.3323383183097,0
90.12621655135867,1.066248630046415,42.17082079691478,1696.2751483752495,1
73.94051645695865,0.49903355786866527,34.53435267305142,1611.6091613513645,0
101.44343347017035,0.5878963973070651,28.12035877264322,4609.638353151849,0
59.970296716048466,0.5480608593347347,31.305922706398142,,0
77.53739661494573,0.6446563291251368,33.958726370043614,2025.732191790448,0
79.67693171765433,0.45401407376848596,27.14048575095038,191.5361099572549,0
85.85786324939347,0.4570365021472491,26.79444172923615,242.48684446969094,0
75.97983153470895,0.36988907336086546,38.29434847227665,1419.5914545919452,0
78.08050539504103,0.45710192826275803,34.92296447447899,3145.6110966949973,0
71.08351432578209,0.5964769894302446,33.95336159345364,2920.973176672809,0
77.69126941245108,0.6299987372262135,33.93638146561457,3169.1389347197137,0
71.56807724502589,0.5960305168086668,32.29787744155533,3586.4148596605332,0
81.21571889856051,0.3205808133450564,40.088879065875325,95.16126796369207,0
71.30389663956366,0.6083145212660734,30.219541509385785,525.4279758622143,0
78.77100393902187,0.31614813767279293,32.886311836004595,1797.4172591360632,0
74.70737186315021,0.5898117324122347,22.745435357029937,774.2999876079087,0
86.26050250772168,0.4632215473428945,25.875196567043794,376.6002127227708,0
74.48606276411513,0.5702533313933855,23.9959050008248,3204.8219799866597,0
57.26967531793119,0.3667551652105434,36.37031791758075,4076.6823874554952,0
87.61921500713991,0.6171167632706147,17.237299239896252,3763.1332871714126,0
65.94267699137382,0.3535025253895111,27.98844988623639,4085.198893045896,0
81.68839402682573,0.7630518855399836,23.9432596821301,4854.426271000509,1
69.04338705956508,0.4001905372230965,25.84356052259055,3676.726609071011,0
88.74438093170818,0.3245715147177501,27.54525525134067,1358.8938710415066,0
75.46316087946127,0.7938786293987476,43.467418533204814,6570.274017159411,1
106.37748533659993,0.6806089117836962,31.983139696107287,915.8282724694355,0
85.56056809066052,0.7666905222320008,25.83429238335517,1072.4693719469126,0
77.23238914129159,0.5097155787086248,35.32981859865913,1444.6091590792344,0
74.45105999383713,0.6116681275067523,30.089161272648788,4876.662150532894,0
77.85554074857657,0.5232094637928537,30.187834293536262,4941.44294676953,0
80.21122428379338,0.5498883194768213,23.98664246114004,3974.4687485324876,0
81.45215585950056,0.46578513488727613,25.049931430484303,3145.2879927981685,0
80.55604466003449,0.5195076925422603,25.87451350027238,2600.312875923067,0
75.8958068125525,0.5537478704606429,30.23230636577095,4853.104228434228,0
73.02661579692673,0.44215402711236684,30.389428634903375,3478.1140142912377,0
73.48726716346488,0.4922505700107012,37.72046331762023,4723.650641630151,0
94.34326501283637,0.8202299010379035,41.63655872752294,1934.615995092813,1
86.33770096867065,0.5826403317330524,16.46217153163946,1668.873961347828,0
97.8715820405028,0.7932515229594463,44.26605789008808,5201.827870346504,1
45.59611365335719,0.49484577913923483,22.749918219162335,749.2746029264719,0
81.55900776529761,0.6912005469052698,25.17014537694232,4729.639306480379,0
,0.6164060152585937,25.939152641368352,2537.3717733170374,0
74.81291243554102,0.6349179048888706,26.68330838243849,4632.069392918489,0
71.11481546911114,0.5024431840178034,23.124253039798486,1683.9639436290654,0
86.24112719986013,0.5320997563686023,31.017410017261437,3579.794520696985,0
84.47526462122858,0.6002236166702926,22.945988574545204,2414.3756098634485,0
67.27122332176391,0.6560255529530931,31.783338036249233,3134.0181512273653,0
79.07052287124534,0.3048397087117113,41.18485538530815,2521.8624656957613,0
65.28343265458714,0.3684558692950154,23.35320470532968,4835.578086856807,0
61.203818352110694,0.6309444101402648,28.57744847830389,3460.5269890695863,0
68.73282775410036,0.47231106442311965,17.382713187437652,1256.5948431315771,0
83.62393472382759,0.43282792107419227,28.495323535149335,4548.384609525423,0
84.53125045376086,0.3745839013004396,33.21358576315742,1470.1486907755218,0
80.13085420097293,0.44449832984558907,33.60319615678633,1858.0254965042814,0
82.25095786847997,0.3597630716576175,30.386818651420484,510.61849010106687,0
80.16178287114958,0.7091094272732477,34.44631712379488,4499.832598980954,0
68.58518404777048,0.49775639480194267,42.73027267971396,1430.560116139315,0
79.31922544673941,0.49420494582372826,38.561523437188,1294.5880896569117,0
83.00409525227683,0.5588076675167832,27.387395352951817,4601.312989974769,0
82.54291329813574,0.596234516926657,22.74448006766631,4027.6343120251668,0
86.88913371474644,0.594588815655464,27.969242917130984,705.394607596872,0
82.08303847201064,0.6073621943907572,25.26508617191326,3846.6225195184034,0
78.51448207541583,0.4369154449209144,32.256737739323164,4565.165490268953,0
85.70150238316427,0.4702133195043139,24.09403230285251,392.55609105371957,0
74.7347874075094,0.5769031655442276,29.63588783704829,4126.074974522865,0
66.18125348772283,0.447261093836038,34.19007027268155,2737.1002593652797,0
95.28296628134078,1.0151349855740044,35.57367611535005,4790.97631239209,1
67.55097355193551,0.5398763764424814,25.26843088626102,2464.2716945246843,0
68.24821725025619,0.5785185082310376,35.87407028792846,3489.0154245263934,0
73.55481329284483,0.32223190376297983,20.605095276230863,170.48930833376608,0
67.07580079000039,0.5714745649888945,28.361024720612683,3813.5336161164187,0
71.9203847036096,0.4766275942148275,29.791699883093326,166.71848929479205,0
56.063853330462145,0.5707457710864381,30.079543291998156,2276.4992387367174,0
77.13293707372938,0.5776931692354829,30.902480280390407,754.8249656514744,0
75.01205475362224,0.6607915061119157,,4117.871386756536,0
66.82911368931809,0.6353453647621203,29.822962804773244,1568.3045458783429,0
81.59245668432405,0.6346571662610296,28.159708589281596,2270.4677230216626,0
84.37570137626558,0.6443670319166238,27.96205327670152,2143.7537064915578,0
86.65663643488489,0.8582029738989105,31.23075539425227,5044.664341478736,1
67.37275221433785,0.503218508703684,33.93771662163432,2405.7217989798773,0
67.30857650212701,0.5872817083178334,26.767357602617427,3944.79167505173,0
65.60096898891135,0.5732080951433023,34.23385554504122,367.5413840133762,0
83.29474841931749,0.469093376326174,30.094995411299355,957.9698395149755,0
73.06173861227197,0.5404823408808268,27.39372596571935,2757.6712482318035,0
72.35485158689389,0.49649035332154057,33.092036078720675,4735.441623763475,0
54.961376355932465,0.4146067091539944,26.36273037638441,373.7892336089016,0
104.28097650242594,1.0754459870426203,43.98567521531865,278.74421659699794,1
62.60741605146528,0.505519924253009,,782.7533746392784,0
75.59932630266329,0.704870825769885,27.018376554540396,3205.7656443007827,0
77.77376937958192,0.3374507729800167,32.64317407667279,1994.964583351236,0
88.60658595838652,0.44432212271566335,32.7329486284432,4127.761897088431,0
61.91179600880888,0.5032638836690871,35.78759802904979,359.6657574068291,0
44.80487844179174,0.6137381097628914,34.83073506204648,982.0704340735053,0
76.83849544753694,0.5399469372602185,32.456370103631414,1500.1320273244783,0
114.50501782892141,0.9618326197807454,32.60986605265271,4655.139243442975,1
87.38946352939438,0.38727362074458527,42.242934940870285,3425.8634515077365,0
77.09659415274626,0.3843058602770529,22.98191894464095,621.0164698188692,0
70.08363814367952,0.5322504660289905,34.74631587141155,4719.023544958697,0
83.0712259663731,0.36358940061816414,32.15641908443149,1705.2206759510457,0
65.26453800295532,0.44681222497106715,24.12928813759443,3565.8438150014154,0
102.8652705772827,0.747314940592087,41.76323749073524,3246.9607221815054,1
80.05470159166627,0.4017675727723224,29.606235568776796,1113.7905677355332,0
85.6020990749888,0.6605355962361806,36.527913579052615,4231.141615577056,0
102.59660038911078,0.622393634423789,26.433445498598942,4091.1901409596494,0
78.92415967178766,0.34285800016616996,28.69027496787823,1980.3592695834504,0
69.91036374292501,0.40676287568180125,18.319651974893684,2943.037928469277,0
74.74425687808005,0.271422275550505,38.67381396561788,1289.1284796796988,0
57.30924095110882,0.42174086374518666,24.647658784899644,3449.2581437315075,0
68.05286868910942,0.5766388476572399,31.634554321195875,1545.1340631021571,0
70.90717561886896,0.4586105057725143,,4220.393671911174,0
69.75911602065408,0.5460797243615968,29.5099951660833,1086.9255213863717,0
76.52354872033722,0.3477665681718256,34.049309924354375,74.0171140923207,0
66.775800676178,0.5797975254581905,38.35631230151817,1342.5402098395923,0
86.21030667324472,0.444489077207165,31.25746834970996,955.2624322974334,0
84.75591205150934,1.119298473198709,43.029406226237654,3214.8206193045557,1
74.90699678861385,0.49071254986069474,31.644457683635203,1018.5164582828816,0
71.72105283487082,0.3728451479107716,35.08765711965313,3815.949353597474,0
76.55190683858979,0.3846915668260218,27.685418102568363,1206.8531900200196,0
83.25098264667635,0.5967794469003426,35.37695277208207,3534.8408995632785,0
66.32869784289099,0.5398992157501695,35.55249932823692,2892.35461506862,0
68.41883510924744,0.6050049041553427,35.41268504341455,4931.249282359422,0
71.96273971223336,0.5324658235502518,26.69926066331762,4999.504885046158,0
61.54129076526785,0.5142990634809217,29.158311828814046,4347.6304165866495,0
66.80742140278502,0.3273989381333233,31.197334943902174,3799.9168464937557,0
70.23779126455341,0.47296333032388305,23.145789775854972,1932.2820700028687,0
100.95359500554093,0.8811637972731485,53.6097206508374,4954.553534549887,1
77.62561329001925,0.6953107198272575,29.93861733248912,4783.377685397453,0
76.93589911367545,0.5686956632098678,31.41963943802361,116.8878769772208,0
83.50897962167971,0.6536061181709528,27.114977801363985,2689.573500988694,0
73.62628211600604,0.5597537705894728,23.365612203164886,1089.991521942173,0
78.9046484992889,0.42886967730505204,26.979850572626145,2789.3815793442523,0
73.96778247067503,0.5117124216149851,31.096020938167943,2332.235448794456,0
77.65362349399628,0.5236223646264233,33.367144063768464,2878.842907761422,0
69.17241342388418,0.40608444302293184,30.8089577030136,2754.811107093621,0
50.611828417235714,0.4615612623407079,31.73362008120975,4800.53519584281,0
73.65720837813696,0.4794233006322828,28.314868126593115,2760.9305446736803,0
114.71907419576787,1.0695873724909775,39.69576904917954,6146.531587716284,1
109.1422068443847,0.9086276547093608,45.08025684107054,2244.5846775267773,1
84.6539748459117,0.6205818420716043,33.52394721219493,2190.5034439552446,0
87.36130721806218,0.4063204765040617,34.0477094412647,2352.0673802240494,0
75.88657590961438,0.3627920812730386,31.470081996533153,1393.6402166768985,0
98.087664342833,0.9887081180430959,28.49261877404849,2427.798186282071,1
68.8234810456565,0.5731898069234381,24.776667346843784,2992.5653973338763,0
71.8392714397295,0.625451870238119,32.27437900331922,2900.938816522662,0
81.15771149771142,0.5800701947545577,29.94530474019957,3182.1767228674025,0
87.03884437168816,0.7059845001737401,32.19921443236414,1759.0895771007054,0
73.60553724319,0.5558723836944486,38.382117089220365,1579.1574757652854,0
70.49810735148588,0.48435226238768414,33.630179996146666,3058.0894137708156,0
75.00527958856597,0.5342926377321342,36.29443102871411,664.3087421376248,0
103.23463795257436,1.0661833621523318,43.16717970535218,1654.8853862531084,1
60.56145183866458,0.4220624674739883,25.9639216125778,210.63868476497603,0
52.03819046862762,0.4348111417468619,29.710669203928294,363.05426298040067,0
,0.8155498002134995,42.471487583708125,1601.2360326275816,1
62.79287574085841,0.2895417201234668,37.79147478386224,97.64640148459513,0
69.9185980235269,0.5138078408417547,33.95195538267735,1227.0529604373075,0
73.52219681182528,0.31138712960489734,32.6025624831414,3274.88161531013,0
99.21021463533309,0.8067525471333428,46.60572532684999,451.0181755511446,1
89.52467534470745,0.586528975613525,19.899717927383875,2183.6833889732047,0
78.2674476460232,0.4523123539356164,32.9406897567133,4565.5439345977475,0
78.00474359610828,0.6677115870186872,23.446771078478136,3956.424144627005,0
81.22207144043402,0.35394991005815124,29.963721507671693,1527.187511474286,0
81.85189517591368,1.1239910576105372,38.82844579936801,6155.348229656646,1
85.39111787420269,0.567513705640692,33.30868306048474,1648.2324837386243,0
74.2423571346454,0.3283966751689311,31.140936444804776,362.57748168781245,0
81.70480617241212,0.7710794299040533,36.72558586805894,4970.279783840568,0
64.28142766959844,0.4936254714496034,26.99051419533693,4350.1126359458585,0
59.46241233983936,0.4122515977844368,33.54557194816642,2329.6639165054617,0
83.17889658025028,0.3592912805215983,30.81111608449416,3331.8826209620197,0
78.76409526097517,0.4779981972340326,21.823548649642238,3356.140389283351,0
65.9794844564249,0.48725931276100404,25.406917707384835,972.4111536523017,0
66.30336918725305,0.5102645528539664,29.25060983238916,1000.2431657681615,0
86.2543478441477,0.470220384377604,35.561462249458636,2347.9035167591287,0
63.10588107132672,0.5633225310115093,32.318615287785576,4557.86570068849,0
109.1973328514255,0.8184729964153168,37.30566907765705,68.78762136361006,1
65.99379265352131,0.3065035882759529,29.2984188597642,3912.5281797467965,0
81.38391925608383,0.48506385043503586,40.08903224396515,287.6339185732707,0
71.71381524251015,0.26325223466267217,30.55611667420429,2391.1105744155893,0
81.03187431082343,0.5353770630891389,28.363372124638023,3189.364165367382,0
89.47767346904452,0.8494192205137392,40.98281941735658,4941.55714726097,1
73.37207093927705,0.51633603549158,33.81696539790985,292.3963180795569,0
75.40919175395722,0.6314074981524604,27.719158262599706,2093.018086919841,0
64.97812544218527,0.4051251304732,32.51287387185719,2919.186302511623,0
100.54202516627078,0.9039988190928323,36.50562020528793,422.07274746595635,1
69.86786433528415,0.4566610433313847,33.59663800914719,675.4727829765488,0
72.71400084659982,0.6753194802065585,30.84846578985642,3318.2449475201925,0
65.05650625391488,0.46348473868017864,32.40983913526446,2608.1909829532583,0
49.376663412046895,0.4159507014493309,26.204082269162477,809.1433063414527,0
73.08972237399831,0.5687238450395289,25.893568079635703,2676.1966845736674,0
99.12615421612915,0.45642102703763643,34.727486523296974,4563.461867222079,0
107.94339250412767,0.9084998632695978,39.06502819242452,116.13941965988845,1
74.80739620265605,0.4522160149296209,31.425173710496807,3213.168867429273,0
72.37109170791733,0.49553934678169986,28.468022864567402,368.25217302670967,0
75.22465892812046,0.6342180131244854,34.49363387006822,32.24721482350424,0
80.4711911517521,0.30659122545404227,26.96095009985171,753.272443303169,0
63.19187184691155,0.5023080658950421,29.321993800495587,2114.5331592695966,0
86.14321694668872,0.5624903594654043,33.929964063515655,4011.719994909765,0
82.15381315441245,0.5193448574991796,35.86483849582133,1408.9274830227932,0
82.18185725707934,0.6309865169433534,27.381203544866583,3128.3660619437933,0
79.38475738809727,0.49256546702414755,39.79841990977941,2055.783189776533,0
75.1961665769399,0.4815448557814055,31.566208468468083,1171.6589598300397,0
96.5582873789624,1.076814377042898,37.98209702441301,3810.936255218511,1
94.99715235423079,0.9545992751421244,43.31881742330441,5971.4996923805575,1
71.45959289058976,0.4609591261719529,28.08500392758271,4162.461850280721,0
69.26398227103098,0.5516144039586379,32.170342435915884,4232.597659386183,0
96.91870938580846,0.8462152866039865,46.046112175004055,2342.1874180209006,1
104.12463320505971,0.9383445267255668,40.02565718514883,5364.254701098153,1
62.60892924346099,0.44720059782343863,25.442033117069272,1060.8922755445394,0
60.324747342475604,0.6353069160166407,34.9503061535818,3692.1255062144164,0
105.85044528805572,0.6487140899822113,37.39611127193069,6267.700694735905,1
75.50887701856018,0.5395598834762942,24.456175522975023,68.71917345478596,0
76.73341664370409,0.5034271814200222,31.836801745737432,2201.81965589399,0
89.47569950919751,0.7618131076978227,46.40582774387088,4532.704860733009,1
72.76797745365195,0.5309726779136003,28.237034514677966,3508.878852437765,0
89.89863438602082,0.5475751991831532,33.50486161351983,880.438791346011,0
58.99096021523484,0.55896392313574,35.36670088431772,4860.916376192964,0
66.71502975219754,0.23481719369550508,34.073422186470346,3076.326839854865,0
73.96745239850952,0.6366389411854438,28.443958554131594,821.7030061413388,0
58.568111888458326,0.4262263295315159,24.544766414029628,102.61255856257645,0
73.24145595567929,0.5686567746753176,18.962262171643225,3916.3209939488797,0
91.61470165728018,0.5741073780682286,28.685797502688033,398.52369722729543,0
75.20886488295962,0.4123302914380707,35.89043684281087,705.2546053511827,0
77.30700905718683,0.5660459952351551,24.37917007619033,2874.150134278453,0
62.3983523482742,0.4614506759087642,33.501049237593826,3017.527517248099,0
90.36159215852372,0.6578326708617841,35.37519872534389,4248.5067404200545,1
71.24803619676064,0.6167741925527779,30.53036288193419,1967.5700633181036,0
90.77432042434359,0.8372424072566675,47.65972239878736,5212.571831608546,1
87.81643795003768,0.4145506537261946,26.70252281580786,4871.792998079443,0
80.57691060725125,0.4596934131963278,30.852423403484572,1355.4747153994151,0
63.88542043062968,0.5272236725327388,27.924543316373356,3515.1430826897295,0
77.46504778432005,0.4942729589177898,33.52574329469088,4642.343261975784,0
79.98221748496785,0.554806692470717,31.176585842423187,3431.4338130852134,0
86.40149038521267,0.3660510633471341,30.282538372146337,3405.5474932212974,0
90.80540686568374,0.4257613629569265,37.79174980070989,1118.862845426033,0
64.84905808172131,0.48840029276784663,33.31153071184151,2675.6510015984645,0
66.89142488789662,0.6897887292658705,26.548240669368553,2812.614218022901,0
87.28069940481475,0.7937927302978196,,4809.463923560256,1
72.65980140893019,0.6085222263661632,29.620506074601696,4984.107249480913,0
79.66358374446335,0.5038555168784318,30.40159786312606,168.2191127188104,0
84.87334516589102,0.45163413625624316,42.622546383037474,,0
74.24048976357477,0.47532755758855594,31.854259463554985,389.7503471545938,0
71.80152476745155,0.4831580287971119,19.820487149476122,3714.895672444784,0
76.5175799224874,0.5603645738960739,27.286005141415174,681.7689755537875,0
66.64857098369977,0.6374611267576554,20.338139562520958,3112.259372451726,0
95.89538721694774,0.5359680847686321,28.3510087147708,1623.344389467292,0
58.923389728819416,0.6187077678741756,20.06344885136786,2286.599781053555,0
76.84740578895725,0.40352102623703145,25.64204764465786,1078.3157990870695,0
126.43199001757989,0.7862938191243292,37.43885285371192,6332.99038626931,1
75.06799844559998,0.4275697465792333,31.920800889837388,2930.751620815132,0
73.09960964998506,0.5314444590874853,30.002696813144393,4722.8163179112635,0
71.42554577189573,0.46410416148205863,31.514811537493657,2872.9812485216476,0
73.19608318237592,0.5729772937034195,29.477243057157366,619.5401529847333,0
88.7284847467653,0.40689982883675585,23.02851124897791,854.3521691923772,0
,0.5043030973321282,32.56760684627368,4945.369881839236,0
90.33433701296326,0.5686857911012256,39.611122801347264,3627.825986654339,0
84.27806770913107,0.6035896354236127,41.151881510890135,367.1127915703004,1
72.33347670765585,0.7121631307330203,27.87037700341217,3518.905025173324,0
70.70755579701338,0.4716848115120124,22.859664119472775,2060.865234048058,0
100.43779212015544,0.751557129028578,35.96117518500509,2134.1630434817225,1
59.01875648116253,0.5158093898576785,32.2651982828603,770.3039686526714,0
79.62172666081943,0.5033443467973151,35.365590133996875,,0
95.24309623286852,0.4918105620427507,31.304330873609878,319.20689494550345,0
61.368259954071895,0.5991191112926666,33.99943644852992,1449.1773118982014,0
76.89706167610396,0.5747444971427056,33.53839122013621,1531.914469128522,0
68.3801782220339,0.5297876191023845,32.53267195692959,804.5264198175017,0
79.25887206193036,0.5450155633946647,26.70763202369372,2540.9244164343513,0
75.19147777415752,0.48956415505619133,30.869617559875763,58.51313405446312,0
68.58513090955691,0.6775490849240049,25.758110980589308,1504.8775770520456,0
79.87872284871074,0.3520803981642233,30.08714476479051,4668.1472201653205,0
93.04348109786743,0.5139651674215897,31.65431765533456,1552.6478467100285,0
73.09096208272702,0.506502463118878,38.39391903693428,1802.2969355337582,0
82.19757942148182,0.5813280406064593,23.45134012816184,2365.825241170358,0
62.06727042128836,0.41561461225751006,32.40753815495653,2808.4668742573735,0
65.43563623181991,0.32563273976034635,37.406182958117974,4043.54322410372,0
79.72406277880377,0.5156823016098193,33.79423882919398,951.6061157800881,0
89.84116028535965,0.5281230492218604,34.16472721412521,4358.731885962786,0
78.5561334878566,0.648959940944765,32.93847450933906,3787.746785719447,0
71.86941969476845,0.37296379536749136,36.49167244887708,3613.2516733077764,0
74.99291405423354,0.615469376671672,24.56260915943816,434.0228685731762,0
,0.7367414364027122,23.07036667014877,108.20344987292341,0
81.04515326355367,0.4622235112477523,29.96832929767372,2970.06350454042,0
83.82333062323409,0.3709057780506776,19.19418948214145,4315.669812615806,0
70.4790966716692,0.4593025633626629,36.15322902089006,2922.2073207031794,0
70.29957852240499,0.501400496737138,36.103575977477206,1066.1743272276542,0
77.65878229652049,0.5563787875006915,27.83324722457737,452.5994897460661,0
70.63280263959405,0.44086052701619527,28.14614701669745,3497.982264088675,0
74.33867385374178,0.6555198534147342,29.638262624246643,3608.8513865890477,0
95.99721789166516,0.38854676849919384,30.2601032521981,862.6585034355433,0
72.52974299254004,0.32607948478272,30.63586959597143,140.9515774826814,0
71.41659847978778,0.6106710424287317,32.791160534391516,2041.417566115985,0
68.52458194364841,0.27253789687938,29.13686823495761,2913.5935106651104,0
82.44191971499937,0.4795870231127284,34.71596651738897,3530.012047835956,0
73.18775826781896,0.8117681129208048,32.22973888562652,4049.725045764514,0
68.50626961678574,0.49879564470400684,26.965182770636822,,0
88.21304032273012,0.38792323493037506,36.675563339020485,554.4030429924252,0
89.19603004513637,0.49426025362132064,23.208715069387566,3412.908360712074,0
68.99576434261294,0.49491992113804667,29.539170945892618,4920.88321447441,0
56.33460048639384,0.5160649940353117,34.83458700537734,4527.92292298702,0
85.07513689836922,0.5662262982159619,26.384634475439277,4358.344546347564,0
68.15370174239996,0.3960888831632261,31.547778233835757,1510.8507667917042,0
82.90625599162769,0.6687548055236794,32.71669798499524,3753.9408822700034,0
55.298961822881644,0.5245114284372618,25.697380660093806,4255.517229825728,0
83.92597338299309,0.5726794046401804,29.637611402029826,3391.6310231563157,0
62.88828070719219,0.43718506002443575,29.21748084895395,1252.8087828399025,0
82.30764119066525,0.6286382136995534,27.241310740838536,4769.1698593747915,0
75.14273067836434,0.4742947591186935,41.50837426025387,2254.0970572933793,0
65.46060580603356,0.5277552513493532,26.184468232772623,649.027793329397,0
86.31657769339812,0.8218675491219585,42.69935928895327,733.9370768794432,1
81.86318456956701,0.40030683735978734,,3237.594936495229,0
76.05894453115235,0.5688205306452883,24.56681905557359,2188.548232083696,0
99.07301831582167,0.6408543013466881,34.73413420405035,607.5534137720817,1
,0.41461769124956227,33.245466921937506,3701.822860780473,0
59.357583882889486,0.43568166579729695,34.6025478753284,3996.6258362930985,0
105.48707389652036,0.9907595089515562,47.09915443149589,4586.611124152707,1
76.04355937523214,0.43709621387963893,44.726231449675495,1011.3043884200646,0
66.01215951676872,0.4882345068397836,31.252571018777985,3448.877279980347,0
61.696863742610105,0.5015027750287097,26.684539130873063,53.614014471925486,0
73.10879609222967,,32.264371633974456,1525.560698392046,0
84.2165011192446,0.35288735946264815,28.668935247967543,1994.1076570377186,0
73.72450879622465,0.5336277889247563,34.62983064926115,4176.234744427507,0
90.11154930247348,0.42629706388473027,23.51417851817139,1951.9718653470213,0
60.48824309948441,0.6056724911280419,41.841672712002186,56.34723094699146,0
74.87911052153946,0.5966807104250544,34.28024047387756,1761.732059140047,0
62.47606555586881,0.5719168666355438,21.579979911019176,2494.620491796436,0
78.63631882624968,0.6819771787312597,26.45485548842514,4745.023933363867,0
83.868873900973,0.4916910672256817,34.080405220569695,4705.171518947724,0
88.05823353263517,0.9154485857821074,43.865938307082615,1186.7290784261522,1
48.95786143372866,0.4415599023403969,23.638811863840182,925.7327086972577,0
76.98948146796495,0.7452369912868724,33.565129252164745,816.9072823227524,0
79.3673855173351,0.698363365243602,20.26330063669038,3944.609662070516,0
97.53967789299837,1.1547554075796262,43.43927095745958,37.40753420437323,1
87.35782191822155,0.5386586229905193,35.56023421051603,635.8859909593867,0
64.28946320350951,0.6359297599364806,27.2424213494851,2689.7981582204948,0
81.8021610545045,0.4852860495185893,22.46538850430993,1237.8103344338276,0
86.92507512477975,0.4343375929200295,30.731073981887796,461.78229119631044,0
57.21412415993483,0.5873989751006883,26.976405666822608,1799.3900616691717,0
78.19651825918977,0.507843924608367,33.147791830329176,1371.0380253012238,0
69.95820168992329,0.5182994449645261,25.573367838909697,2555.5215325714225,0
74.18477326898355,,26.1368155517345,4896.167969150979,0
78.47676483538336,0.3282327851636604,19.894988395618782,621.5231840745922,0
70.12771435886448,0.5236142409879101,30.849723555257412,1863.6335241704717,0
68.24291920838388,0.59049620414942,29.195475308617006,4659.925089362373,0
75.34152417488025,0.4774193250923958,24.058076646299646,4384.365217469112,0
64.12754061137197,0.6436429519558867,30.96899356883546,1971.355173921403,0
64.14174871114815,0.42960836745844555,35.1353515032207,3494.7663225986826,0
81.79373282956503,0.394529554503408,28.92216028290525,439.2850679067278,0
63.51205964841344,0.4932769692803869,31.34083474910987,3562.7052777180756,0
81.66312500909211,0.49174074246487093,31.36655624792582,4864.2886474237075,0
102.64537799034755,0.8386855880179991,31.177570046264506,3731.942240263771,1
57.741932712094034,0.4225037175936015,40.28292910353798,2492.451135172071,0
68.22435347664344,0.6368094236814899,27.64575084938858,936.5930985095516,0
111.33390451884028,1.0874382268646394,43.87209354125475,4351.183423763782,1
65.18834468860318,0.4960855973031658,33.84607638614525,2952.1864038945746,0
70.35595737690612,0.6249710420184319,29.302024364421243,3259.6652973787527,0
,0.394350292937474,33.03397512529817,130.41643342360908,0
82.83390509282596,0.6075221541181917,31.229096109081947,2743.617441745368,0
72.48461113955504,0.6047276408559463,22.911801213862972,2974.674217486865,0
69.02489805308359,0.5863437280189878,28.338636493749558,1037.650677064011,0
89.22369861698508,0.4984436911129706,26.937245488229692,1041.6642874426802,0
92.3889966379758,0.20457510587579686,27.691274793269365,1381.090842554749,0
84.78858050781795,0.43582728563478706,23.47998411081681,3558.607958636188,0
75.85318142565023,0.43740839823153976,35.63216858373015,3031.3303176618583,0
66.91734278359074,0.40217450619395223,38.009963273067065,4228.813230589023,0
90.03375531200105,0.8323980796307938,41.42313651244556,2098.5429108615767,1
80.22514105265758,0.4581036554478765,36.35264612073571,4560.340299441592,0
79.18398220888683,0.4175387990234978,28.27682581495922,3718.530809916792,0
104.21973494395792,0.8231069145294745,35.01991147840978,,1
81.50450092536138,0.4284487014514771,26.10706476594144,476.3103281272796,0
59.96919698240182,0.6121499211849928,33.220324614786115,1284.9183124374124,0
85.51947617722918,0.43389749453725057,31.13531526572075,4783.8410860742515,0
65.01939372685587,0.4485061293566728,29.613891442007873,1551.8168794203968,0
,0.45433023849767534,36.47574272097671,1649.5048007453222,0
77.50200206251695,0.533899351380942,32.024706769076715,947.9446554885851,0
94.95667489783965,0.5456249488528533,25.806711812397076,4034.253005693827,0
106.09918556005361,0.19553434607568376,26.595455854321525,1378.2211512113868,0
99.90982524350636,0.837050474019652,42.773197231249895,2186.1279255550908,1
73.16803381279612,0.6436368034243753,35.208664263272986,2071.740542158133,0
80.3450564848055,0.3949813462638331,32.75840116127985,2168.6413988730487,0
83.87655425873837,0.4027701755265165,39.48444373936041,2056.7039520751086,0
71.79332374442808,0.45497466122217284,38.175035828657094,2518.7184768736433,0
92.95211355912322,0.4243995980543395,32.205179174253814,4072.5643980820164,0
77.30070759191402,0.5223926873946606,25.80709670259249,4096.4252037101105,0
98.13276793604379,0.6154616541533513,35.1600291567368,5932.324483001419,1
100.38744624968305,0.5881166943508398,35.41069628871389,658.4230728238142,1
79.21586610614456,0.6539197200174908,33.766067232080786,3998.3940163740704,0
83.38940500469613,0.4071780032651982,39.13323539655969,601.2588674328839,0
68.82746813453076,0.6243428278102925,32.087235172054,623.6188502612899,0
86.03134290645033,0.9973066437691134,45.027989475427816,6240.093094098819,1
63.99845767028305,0.31907322854117415,28.77346256906099,4096.989223527707,0
79.39501230620226,0.5635329195216207,33.11384562613775,2762.052334340043,0
82.78936503512114,0.4882332697807147,34.116784147385864,4374.851022389311,0
79.57772866151886,0.45445329437502596,20.102028620737357,4946.823212759315,0
91.74492433347538,0.5244957093172004,27.932805988117448,3053.210333158888,0
74.94403981170953,0.5474633485566792,34.74850192138935,3064.49218490759,0
81.68741655592513,0.5707591821974619,31.372341678182824,3772.1351457996398,0
64.08299123860685,0.6178252847548003,24.017424759245337,1160.6947618266638,0
71.12900297525599,0.5408135912778357,17.84938812136322,835.6243075939967,0
81.95537757565778,0.36243659112136384,28.17109627348997,3797.9037500753625,0
,0.4526354542348809,29.642071535530604,1724.5239749705115,0
72.06033052335818,0.7943048335268621,25.58038525085827,675.35178152967,0
74.28400748141934,0.5724491060381728,30.715424685139972,1574.3886295887487,0
59.821262533191906,0.7369287300811497,32.531933736164476,1793.1843393728768,0
71.42970799193391,0.6395434082199185,33.35343585363116,4826.138297528453,0
112.72650725558867,0.9020083577743967,28.696817169249037,4445.442665964442,1
80.75205016106567,0.5301407069781118,23.4285745109594,,0
80.00665721381209,0.49634199601231543,28.47688675822632,4844.365693413025,0
75.49773687180961,0.32621953841535,32.86086565518732,4515.698702370903,0
75.07063158628176,0.5018047252468224,32.44617006775018,2560.0042830707985,0
68.39678860526553,0.6210674552542197,32.359349739383376,4528.3981768849035,0
81.98828420202534,0.4400360005178796,28.08291029015534,2021.5232903132828,0
79.20972944389389,0.541195299906181,28.361832813450196,1152.1033267831233,0
79.92018847992799,0.5851591045893197,26.358353657891296,1163.3908841104258,0
69.7396515733242,0.4090319560687524,33.84097064052924,3311.5776222106338,0
53.46657080128756,0.45486971356563355,25.397556061302108,2505.3516035363855,0
85.97152711753695,0.3982088509522841,34.25018197594785,3294.7542350272333,0
70.21162543991596,0.4177834393310593,31.03926619068823,3430.3798213108494,0
66.37224235956879,,29.774777607724232,111.61436448858808,0
81.93478911913994,0.40995515386219733,26.716448001117666,270.1979617395117,0
71.07987360080871,,23.222290694179367,2663.3886329562497,0
85.59936384046622,0.40845229709097075,26.76173621810977,955.1773888003845,0
98.3410221895899,0.8484190727749827,40.95515734593816,3911.2373902332965,1
81.83569323200477,0.4497131246329044,18.154878442093743,2760.9286958532402,0
61.340442887994655,0.6178865937036939,29.013224223326677,2928.801791854456,0
87.11943985386401,0.6311162296603616,34.62178684013003,1512.2768991550533,0
77.61250531233856,0.5864069982138946,32.836089527169364,3199.217531389483,0
71.30722860753797,0.5306134553102755,27.518970621292464,4147.4631824251155,0
76.43388467342251,0.47689404631591015,30.234681492076138,4990.356267961186,0
57.2376476710168,0.380812529580875,27.21917715289,4192.221930861071,0
79.08652811480671,,30.74380366667848,2787.493798399737,0
76.52374154515337,0.8173624356781723,49.64150895338206,1241.1538212273292,1
61.47329714156466,0.5663646347032841,34.84249401312438,3407.2293805991044,0
59.77640813782109,0.6059565572623398,32.60397152846377,4688.268927789891,0
86.12688374989925,0.44447195030946707,27.53557543808141,1059.332698661512,0
68.70736606307212,0.6038012527315962,33.74969196472419,1279.9781026328856,0
90.337277099165,0.5764213203338855,21.565615243134737,745.0427170582558,0
69.64198536947703,0.6727963835381765,28.73823259004555,3683.6082181320085,0
57.92642042407053,0.4530653533573289,32.91855709911975,2032.8075171182963,0
87.97207602562008,0.9435240079323486,44.83103855943882,456.67533137391496,1
87.35811620006939,0.44945102445554885,33.3494224510787,4374.749957451401,0
73.44101822063332,0.5208853542534332,31.474153446048472,2788.359523512833,0
69.51712703509399,0.5058212727085056,29.021375104580585,1655.471460001779,0
76.60018225852788,0.46065621037254495,32.689879849132446,1719.9148803054848,0
80.01782736167544,0.3090802541022757,25.235694797068497,1451.2561009545338,0
86.1739881590246,0.5470482996129107,25.77661368353375,2277.400861963209,0
89.48499229892926,0.69723444790822,30.308673382301485,1685.2084424407249,0
71.40231354210914,0.5464251238123004,30.865988213543737,2739.731520353047,0
61.73952313917962,0.5609135519053514,,3867.586261356471,0
70.86534838876725,0.5572445306155102,32.275731904747595,3372.3064172218674,0
77.60280506582886,0.5397046669882399,33.86364188959697,1472.2844637705857,0
65.3624107378939,0.5931665966868095,29.613573812668523,,0
65.42849085104957,0.5395373681185666,41.87233141641996,4200.630799561254,0
,0.4687322830346724,26.58532446842407,341.03117371362737,0
74.5134764842955,0.4204011089991246,28.19456418306565,391.48633493452377,0
75.32796995411587,0.47510263447193246,28.024665469363953,2780.850340248767,0
67.41504665299931,0.5314129496450666,29.619061943544914,3195.5756419490162,0
72.69599285794233,0.4683917038877027,28.356375935168543,1057.0650788795206,0
65.75766855731696,0.5314338683131431,22.96594727697564,3726.1006334575904,0
83.90198411124787,0.5439150133700418,27.267258518817624,3231.3168852036374,0
85.35249334723753,0.5833179431270181,29.51189652112962,4616.446341181432,0
56.53812137761906,0.6282794968838981,36.142860410309986,844.7710092926835,0
65.7048913980759,,41.011216366864566,3756.8713267900534,0
60.03470744909921,0.3692223434852339,36.67736948925327,418.2154529163351,0
68.49976065593101,0.465489590318081,26.123104851636967,2826.4620475894876,0
74.16562030209639,0.50440625674066,26.52095194686917,,0
81.42741564444597,0.7692554700343974,41.17727065485297,2908.664889258045,1
65.78140186874687,0.6388664520102483,38.92279444426793,4222.855738342836,0
64.96042627918501,0.5142377912510466,29.172879739090533,21.853223930061173,0
77.07267329398944,0.5381352834580285,23.362462547312845,2600.8970094926035,0
75.6934433703625,0.6365526462526265,27.494114315234825,1085.767749175937,0
67.78262446662747,0.4369857169857653,33.785280009097086,3717.4930955821646,0
76.76820872139398,0.557404193088403,33.449701384480434,215.33713153048583,0
90.51428471080825,0.6682904671722041,38.15072662316001,5396.082731349423,1
72.28344889673947,0.48159131329840804,33.41707336780016,4190.461133534757,0
91.73452090298537,,18.634138987265843,4164.330062017514,0
88.40461051790348,0.6665603213686527,30.51914617516349,762.8426336633493,0
62.004187630724026,0.4624499959924429,34.30342710684315,3152.0325928052243,0
109.25161472714811,1.0690280024386407,38.3852531294408,92.23713803696846,1
83.11396554491591,0.31249926125280636,25.81830731751856,4239.812956445999,0
84.5296812045701,1.0298903596064348,29.950569997420313,4872.372642986151,1
83.1877764375486,0.6052211155957059,37.94947797405347,2655.7686544962635,0
90.37931918412554,0.5097434110297303,26.399230114892166,3652.9571654830856,0
63.77455193755586,0.47730575338620757,31.205216389310557,471.6204832588611,0
65.82497178985736,0.5400000005613567,33.019585207416874,2643.2791608842813,0
85.17661466843502,0.7288790660880289,37.56033974570727,1456.3824590822271,0
77.71495310825648,0.32367633010965147,29.230511130071825,4863.097316114865,0
80.51476275239523,0.5782027387574128,27.302851031107906,4285.589753119509,0
78.40589216400497,0.40883826978460974,30.86533824285277,3666.3784791698845,0
78.90695920928144,0.4980081603700269,36.42040138271143,4668.738176248659,0
61.73527871688917,0.4752119880921337,29.14913734299608,1734.2165228273686,0
85.47317706621448,0.45716817422022443,25.225654592079618,4504.399494940906,0
86.69589992427774,0.4989534870947271,22.29621095842319,1626.1911605335515,0
72.70609255931973,0.38658288547222097,23.893513076973875,3663.983598455765,0
74.56523050186138,0.6029180436127968,34.32195748703332,3682.0845588822453,0
59.68892497444278,0.32058564888013996,28.396877618465943,91.74938227046736,0
80.14254756017834,0.5539764512828342,26.96239545039645,1805.2984913909759,0
80.72057441714144,0.46734641474654287,26.42016388408029,97.16336204248944,0
74.37808983000689,0.38290751061925465,30.425229301000908,4985.460088051243,0
86.24353359870503,0.5202383370598695,28.802724531172082,610.98380914619,0
71.6592276902006,0.34430489132935216,28.634339281403737,2714.054478240547,0
80.646059258936,0.5039713821719635,36.7466196390537,3952.7811938131863,0
64.80335661307885,0.35771230921884456,37.69008140930816,1006.3180113044623,0
74.76447849125762,0.5461272084317831,21.949891635455018,2425.2633404773633,0
73.25645742097164,0.40756426663696244,31.63796365571479,3037.143804605754,0
77.25307922040942,0.4549005982970691,26.115689506893037,801.0237719777269,0
71.30473071166641,0.5293949387943162,28.75874443069453,3892.7772995576925,0
73.68527404328333,0.4227457888157764,31.546391925633472,1496.6822859468266,0
83.26047171441506,0.49420360003316977,28.936400415345403,1055.1153816942017,0
70.63235762761782,,31.152299403138166,2791.4437321870846,0
58.93422899261321,0.5630875603596156,33.364851030159585,2051.5681382146895,0
92.4958390420542,0.6764913805550772,31.472884002701598,4601.429723182089,0
88.81454078690487,0.7792208867909962,26.765818479161883,4400.313490990769,0
62.07737304894381,0.5091168146666439,26.85400196514838,2416.753316944416,0
81.89707805245195,0.5788204140797186,22.801473516909823,1796.3188736279878,0
69.97025229448657,0.32193743270925107,25.73039851239641,1627.5899081563261,0
77.6348721533106,0.6502734326305588,39.81034180949264,1337.8181154075369,0
77.94224129013493,0.5776228504724106,26.03998212952378,2722.7392685623863,0
72.65592199683678,0.45160665550487666,24.033105937780903,4024.8930236727174,0
67.16234334413603,0.623718080028901,31.599639309223868,1553.783041017789,0
68.0945894768374,0.47455239233546587,29.4481762035407,950.4704484404075,0
65.83808084518758,0.45419748169854435,29.022033815753872,2377.4190309164337,0
66.68177791769556,0.5475334925427491,37.04522983206045,345.17208398833264,0
74.32821709950645,0.39366455001696815,32.745633377791826,3506.395030648534,0
67.84240010889248,0.6021624764399949,27.350035341482624,2591.791331509668,0
81.8205206571262,0.39440101880731565,27.8776204120411,2481.874039864271,0
89.87246155335927,0.3949945210176814,27.487067430471576,1502.2268977501124,0
95.3308696533881,0.9423654139078446,45.740680930783626,5718.777132169728,1
77.39404500535377,0.5759500037516122,,452.4314592477635,0
79.99685110302934,0.4383224638480292,21.03423248772925,4349.120044435157,0
79.72002270919275,0.36520042156328314,29.758401606328277,1883.5260120796133,0
75.75955267916088,0.4394320000064202,22.314869994360354,4403.117579875112,0
82.42682418359722,0.4967957629319513,40.92115300877451,3643.807291661918,0
79.82248952680658,0.38190275163356147,25.171660430763843,520.8536333101915,0
62.62337577672702,0.3848318890965656,29.190676173211347,4157.6814325467685,0
97.94516534037861,1.0607141450545972,43.82916171890723,4495.528427471648,1
83.87290837266742,0.4139434596186113,28.55670919660385,161.50956457674226,0
67.36713895821418,0.46769576312269934,28.549847992669037,668.5134105483498,0
75.37937835447602,0.4632762999200714,32.109136430804384,3178.140279178476,0
81.83328992811069,0.4578643192229558,37.63107979398139,3313.002514401425,0
72.90686180420639,0.5621346739969102,33.83754540908649,3733.2571641879754,0
85.72978047766011,0.594814295047205,37.39256939286771,3601.2270038749093,0
98.6387249461936,0.4694045568468408,24.76690445953249,3297.5997733497748,0
67.14013967365018,0.3763521713407651,31.586813166276805,3831.1945087321124,0
61.18955396846225,0.6274440227848903,30.776230260291396,,0
78.03818595604876,0.4904658908803317,31.755456458383673,1303.9569276222746,0
97.62866512494504,1.2000470236823615,48.409506755409964,6243.422157117753,1
,0.2754414102434837,28.89605425103973,91.07015465988965,0
89.53260663321035,0.519540322128332,27.972483167229562,1832.8085993574512,0
61.613942002767516,0.6918606333876208,32.66990398709332,3644.351465485817,0
81.9291862303161,0.4646735864561842,21.10898636217076,2135.7802057483714,0
68.94139179241107,0.4774506576665364,28.81573975438911,124.17203740007155,0
92.19377906207296,0.5295511691590339,29.329011553572734,329.90451558106594,0
94.92515353168119,0.44412041811150427,25.398206918465373,3243.186845691443,0
67.33343412216652,0.46879280679472674,35.285295056782886,4824.322997026498,0
69.5044286409142,0.4662184905808597,24.68879841328358,2759.3181791724946,0
83.59587886979801,0.4372579265573627,29.32063475818102,2533.7890901188453,0
71.12869350210485,0.622885655020056,31.46578612661484,1591.6260652813364,0
101.85826890264849,0.826912154565136,48.33690428317896,1879.116043489221,1
75.2538842054241,0.5250628232103302,29.947217825595732,104.92490878142358,0
55.80326843802344,0.5808571006890116,34.68076797064105,1364.774338202356,0
74.86162253905762,0.4735644166796533,33.50297698638564,2245.552204326262,0
68.10272225935826,0.42257961816470996,30.617287780845714,989.7489152447508,0
70.06877177600228,0.43973756953854426,24.55243295863272,436.7399424071461,0
89.43632003468814,0.5001783041104609,22.827095695478256,3588.6393362730128,0
62.434931057207436,0.3940788291627098,30.532527007095933,4473.101345340336,0
83.13205186747977,0.44997389834133245,27.28651563048693,4683.860348435428,0
98.49010052387352,0.7374010379639746,40.509560716819266,4037.705721469109,1
96.12817260479032,0.9104173959530766,39.10552831838085,321.73960557524083,1
97.52567772248709,0.3877779431260163,42.14399709480405,5455.135323086901,1
78.4005129456889,0.48203802785943667,24.211435380293654,550.4765263094318,0
,0.6725693792814771,32.553677748036364,3348.7405884391196,0
84.68184660532862,0.5121844464132455,24.91025276932425,3896.8291787393787,0
71.68691616816677,0.5753417473421093,26.207680385345675,3629.323554132364,0
68.8776326549225,0.5099826315099768,25.102921308924227,4759.419028805653,0
64.14849473442202,0.43326666187835194,29.307494890300234,3690.7314223369485,0
66.74589470021044,0.27580840654910865,35.85096167035281,3466.0488899090424,0
104.49094425308725,0.5205455687036303,29.974795648882356,1308.715860915512,0
87.44679580736786,0.42243933953976087,27.783906537861522,4623.843432179508,0
61.489256337919784,0.4199664593834696,22.37192534977378,897.7193539708345,0
61.7754204325643,0.4501012744020888,32.760622923649215,4524.483057365632,0
79.81866061718492,0.6744861406623494,26.09797697035686,1563.3127167295518,0
80.47264797377967,0.7404837542253973,30.587588095790483,650.8179693883437,0
80.48883835317365,0.5217207937528401,28.228906920416797,4133.415136355854,0
72.45044206446302,0.4535232776088272,34.190886097997186,12.477268004145724,0
73.745457399971,0.38227735825487896,29.213818039857237,4160.441588404154,0
78.27879524159357,0.5468540161546069,29.705368227384742,1311.5592102298795,0
75.85893006293331,0.6782905600065144,32.4287357372773,4423.606363778106,0
52.80699627252465,0.47526596129748433,40.53470091131593,3457.3959112078956,0
72.70200369424806,0.2621003959246776,34.44223465179277,3330.9166642529503,0
66.48593565739687,0.5670049671815524,29.556969468256952,1826.597815824217,0
76.75211418908512,0.598539971145005,30.015989953076442,297.0148694538549,0
104.85259002603411,0.3414154359614152,27.375702698377825,4150.3654910278865,0
78.67481665474304,0.5176484183662953,25.250021482401525,854.5189758826399,0
71.86470313827603,0.5451226016136099,27.23624606466839,1861.2932094737612,0
84.21801501977252,0.49268926979910616,26.139255181440287,3001.773427545409,0
79.82687887209212,0.4209229080914646,33.266841918979424,2411.2686928031085,0
79.20094490451841,0.6015937223563557,24.64402571065507,993.3031758565902,0
81.06850593215671,0.4596620254031317,36.66605280690022,703.0817844114196,0
95.56543564829542,0.3514813837300068,33.76023191809415,616.2313612514531,0
63.69111564674084,0.2950525514330319,30.10250864683834,4315.039407496005,0
79.73632076811454,0.626084951999931,30.00159305732534,157.79774530666813,0
65.73618870018461,0.5616663976471118,27.21359345192723,4885.071297999471,0
80.55512646342248,0.5087973547129169,31.35042205673882,992.6434519270705,0
65.81313488513905,0.45597253631491963,35.44046231604295,,0
70.82633186394915,0.4471001585796873,26.484217688720932,2884.8582738839755,0
72.04910085762094,0.39242633515583886,22.333039555406348,399.92978970348315,0
84.7581671934471,0.4568544355440115,33.51609127428372,3012.266315817975,0
84.18454443942414,0.28799127848798256,31.621829871219003,4253.133224068066,0
79.80511925331064,0.8053358384994536,36.16245868616723,312.13043732808444,1
75.5493411099985,0.4689062483648906,26.33304314542941,3999.343022642721,0
67.90420145250827,0.5609880047190419,25.704478629749296,1972.3872049105935,0
62.414950893246655,0.49600735366266363,26.377338654828755,797.45316915605,0
72.8298294957563,0.5794923113875559,28.38158622979406,880.4824013372953,0
71.9151721154418,0.6349135105113429,28.667263478596265,4593.822718471131,0
99.26716486345522,0.6058170093824102,26.746031724657698,553.0287597033223,0
79.32959825360696,0.5470509847378557,26.20918090250036,4333.913935578285,0
61.22382499245763,0.5011862679180784,28.856078280403093,2721.2231049180727,0
91.9331717698093,0.7223163141552207,39.667305376066935,272.45312873987353,1
85.21383295429399,0.5739944051379317,28.418517318175777,2322.3807285866915,0
95.88442772869925,0.6679747382221529,35.79333511670651,4087.2475723815032,0
59.140166877620416,0.5342106039650418,32.54043857210393,3631.013938195502,0
56.20075614860955,0.6917259148426123,22.04577071570652,2443.9120884235895,0
93.70965175371782,0.3474428291938916,32.61863882706927,4300.249398481085,0
78.89614177370903,0.38458366152204587,33.027719912927914,601.8238089011485,0
66.31707268123634,0.5855201507748262,27.826325159379042,4549.705266961844,0
86.5025076163623,0.8492759508998592,28.965681230299808,5521.33694698768,1
48.64252260983122,0.6313782176571807,30.04033379705568,3541.3841282861804,0
75.0337550659716,0.49845283592732603,29.96145674258878,4089.438710643746,0
78.27821172843085,0.4132024577471668,24.391768817334025,2719.07753421333,0
84.2427013953783,0.47864067577949576,22.743903918700322,3375.8121454883344,0
64.86104047707462,0.3467316029076266,29.562232267732803,2802.9903535388944,0
75.8568716140336,0.38714093269029654,28.83461403974589,1777.1426525397467,0
65.74575373940412,0.597244399791801,27.913673173388034,2844.3039868058877,0
77.55383755674318,0.587278741446961,29.582946326267194,1287.3266626596285,0
66.04653677636976,0.5363004284806077,24.486118130898404,2201.3958542039263,0
70.91899160839779,,27.82589693566943,1403.8770363012159,0
65.04184605209771,0.46415964244871116,32.666625153071735,614.438947306945,0
81.51136241823657,0.37750001113399495,28.250149598243556,1609.3092819495307,0
83.58451116656666,0.6176533253787766,21.640137641037242,4259.936090923853,0
72.65379430042586,0.44162778664373986,27.636538611382143,1905.4038532115287,0
75.38237994960028,0.39142522892184506,24.649207682465697,3740.018244844345,0
89.71635845995405,0.828905154623238,46.02493085633273,1110.468888342889,1
72.00323351993212,0.4359845543165388,31.594187016902126,2122.0957958382082,0
74.49795382958256,0.6483743910203708,21.706126874569847,574.2803466758828,0
101.20793091029975,0.4265189102465809,33.79506485291095,693.1053168374485,0
63.88032974225837,0.36007717407753687,24.43906849360721,3087.181899450346,0
89.64177238752437,0.2847086484242484,37.79591145241176,3037.4090872450556,0
84.96858773465809,0.4969213497586585,29.756118677496914,1066.8595367743112,0
77.80636404490136,0.44380698861420737,23.768032507304188,2372.115971443993,0
109.58011195262664,0.828142848016375,32.215745520362226,6464.120154396425,1
94.3261320724322,1.1531690233418435,37.92879793812169,1094.1739082853624,1
78.89159195667929,0.5667245147429242,28.043500550508114,96.05266536757418,0
95.50608353781661,0.9925130376298832,42.455021508958765,,1
87.23568882418627,0.6364326244170867,38.0639011634852,267.491040443425,0
85.96469233810883,0.5662536033398613,26.503779678854624,4899.70119286223,0
68.74322712503788,0.4177144098481568,30.299814288478533,3048.101418994405,0
61.80752805401232,0.3960779836009234,37.09922243686527,2351.9817642198614,0
72.97019362604343,0.5817981544453862,31.352567377332,2149.962700121534,0
66.99961435602353,0.5396366956467351,21.966986323209973,2865.353292584657,0
74.36475425384644,0.5169747767970662,32.52694505866069,453.1221836010746,0
87.37438134684139,0.41535021971310926,24.18498571108278,4650.0952940974785,0
70.4269834491321,0.5607947567005754,37.034037643664824,3128.210342759389,0
74.57176618688425,0.42445011168660507,25.88566197501011,919.892488054544,0
75.58022734808395,0.4898013345406322,44.84754753872832,2812.905268823314,0
83.48430882205284,0.644694414638698,37.336879941638394,666.2825291650581,0
52.53110666015395,0.4339165764189854,26.016937151860105,87.76358779156057,0
68.93299705234703,0.3427010742927139,30.100069025008054,3152.58492606999,0
98.83146049223345,0.7662029287174674,36.95532557078441,4016.9737154250715,1
87.00078956426862,0.5994298826687623,33.918302371133535,2918.4829140170777,0
70.08097552493795,0.525473113738021,32.211681299880986,917.4160218001153,0
56.23447293958126,0.48711226213112463,,3017.1492924738354,0
81.19711445966136,0.44909061946884304,29.385155266828153,282.554704622599,0
68.6463761117437,0.548535990755319,28.166411657119834,3046.1917778596116,0
63.103333409096386,0.4150895149009777,28.265680060376948,2770.085095538094,0
68.75654610286776,0.5305665568642596,34.29186615986064,3276.2741541954974,0
73.15474642344151,0.4268745431187043,31.82590520151323,4477.378028761969,0
68.95255335461788,0.4102340614724946,31.45641832845128,4251.790526197683,0
52.944339429009304,0.43625125651749885,33.97617124628591,4903.270957812694,0
83.97066196887133,0.4624592553516038,19.744737960730724,4881.205164682875,0
87.74875041278722,0.4951170164066297,31.55034411937575,3861.598466868763,0
81.51521991339506,0.5235455795111115,31.09284444436858,4782.09811088864,0
63.62314329575183,0.13116347085715557,38.344040406503524,4336.41942944556,0
72.98508466052482,0.4192349442253235,22.357060088681664,3637.9122494748644,0
74.93478684770542,0.46084300226439606,37.78593316188379,376.921273218776,0
80.9879438956191,0.650506203860833,30.37704564462333,245.24944134943883,0
81.68340488718081,0.39199973916178676,32.444947653300225,4187.997837528851,0
67.65826201221505,0.5162796618099913,38.37959393804688,2448.2792893584915,0
75.8199555641356,0.6495030309735838,32.80380634002786,4073.0334218746043,0
79.57280404615241,0.36870314700527274,32.001841447312806,1564.591353276097,0
89.55822322146767,0.5393975225864402,31.211455929011592,1988.249291615064,0
82.04506539824723,0.41977281660654797,27.582609325028116,3500.9336050596594,0
82.89056687375519,0.44953662577107656,29.857554377448036,4576.633684660466,0
75.8382662792936,0.41968891660466856,26.422436169386256,438.8073723944297,0
89.10459145203504,0.4268142691584114,29.77716550287259,4307.390723173031,0
79.09762795959497,0.7721912147906493,18.320346514724516,3965.063624396826,0
66.3891208982643,0.5844455872071666,32.14519783783774,1577.6963536492733,0
89.0336997012519,0.610173786178621,29.391313731081873,1776.0830706577979,0
110.5442291408089,0.9101861134724816,44.838964331392845,337.819024383811,1
70.56955978871518,0.33937432115980415,31.098790419700716,78.70305558358992,0
70.20507032600757,0.5394957970323307,22.832180385172798,2385.0306317886457,0
77.96575545140762,0.6072929614507346,39.64634998310641,477.69822748655264,0
79.63184795267584,0.41466005259608885,29.486162692562,970.0090720760651,0
,0.5965326667161126,29.270777835139054,4233.835997633318,0
78.11308673442885,0.5704336209854078,25.173018949335386,2855.1419562522624,0
91.9995737457638,0.685204004481367,30.119731912246305,3168.162186330567,0
85.71543152234887,0.4582216987486381,36.9347994513664,,0
76.90635591265024,0.3902389017724273,35.17958104716017,4143.3090222720975,0
84.41310580767484,0.46383718906274546,34.27218875570278,4339.898862198737,0
64.67476096472461,0.6435570993163624,32.731994758336356,2616.637968565217,0
78.97927049946809,0.31715941191580366,28.20728736218695,4562.788859393299,0
93.0930634973311,0.2931624284568968,22.74918416481649,4224.143124772908,0
72.81954104607627,0.5089395278931613,28.994806140666824,3656.6208833721903,0
66.52366071380915,0.4557410707225844,28.820642677331612,3670.3795784681433,0
68.4791111140694,0.5007727893175684,35.243972198356204,526.9673697543165,0
64.10366962657612,0.5945311771235865,31.5469522122991,1354.1801884783288,0
84.33823517191868,0.8482679411279599,49.77751372513222,500.39472708042916,1
71.2949190140997,0.3126994169069379,35.98744270019087,43.406046131543306,0
60.94432980821358,0.7044481557199944,27.717521952479522,791.5476569195506,0
75.15618333949602,0.4002771712561224,21.02435401690066,4402.4359132347,0
84.02277173786648,0.39409628779879025,36.9278761697074,1199.3702951802577,0
65.9224381985308,0.6103720013722597,36.79692611615372,4850.769812958609,0
90.19283923641768,0.4615510878958482,23.16894204548887,,0
108.18074468906059,0.8925317925199201,49.04417394181993,1685.7437912454634,1
85.30580585624057,0.5482790124060318,31.91058585296259,2485.654017421064,0
68.42165446147862,0.6083583103109995,30.803427490628266,1095.4741135005768,0
83.54525227066615,0.4666539306818228,38.07391627123664,4919.86779091187,0
,0.6519952005914299,36.72342586615307,4236.324919524819,0
,,33.256654759976016,131.1939439116455,0
76.71839339793532,0.5759787236953078,32.36608532905991,4738.880157337356,0
80.53251219984784,0.41604724419823425,33.08197145265179,3605.3255365144364,0
63.24405394375148,0.6372271316607991,27.99971283058737,411.90626010639164,0
66.04930157723395,0.5142044478830545,29.724492751338396,3353.1887316322277,0
80.97228218253385,0.43270946679905986,25.488414227027285,3234.633489828427,0
65.51651995775799,0.5662841093021632,28.334801121305407,1093.9437290379174,0
79.63206292099123,0.5893188347207252,28.166830606655335,3792.233500037878,0
61.32862193539754,0.5641894122858638,26.823473151891676,435.3235165648356,0
83.48174212666669,0.39703037603669394,30.683732513242315,2447.225906156239,0
62.67476685231491,0.45159828763779153,,49.61603581543961,0
80.52299937679523,0.4995927162878565,32.51117360175987,4843.687444473732,0
81.25630933646,0.495874034734994,21.888396933531173,3757.818158884547,0
78.25696660209672,0.8389617857030061,39.115881634829066,1030.1479797859552,1
80.82026567084726,0.29850987674933915,30.65775820088748,1708.3701997564149,0
77.60442263333556,0.5334327054553504,28.446853800815596,802.8118890408814,0
69.61158143807262,0.471001864556336,29.138036500953845,3833.087320646573,0
64.91445315923792,0.41614993836160474,22.073769946350712,294.48162713857585,0
55.373743083274206,0.42575132222304,31.78238552334746,4202.033277818571,0
78.49650047299694,0.47854623354820364,33.23802991283535,4710.981694178649,0
59.35197228637945,0.13989148955404818,32.46768647101884,3383.1397140314994,0
75.95344199441308,0.429871042920845,35.19363529721092,1064.827250007171,0
97.40243847896645,0.8521809268726077,41.95768700828246,2295.1619916807344,1
81.79142775438196,0.5532783209322625,32.39340590325469,2386.1993740446565,0
71.97954500510136,0.41944733174894794,30.78045369228426,3023.1238610112687,0
71.70552213652908,0.478488619982951,33.43775359796247,3343.315449058437,0
82.31870704288295,0.6542276627661302,22.113851819339388,2771.0735765944137,0
78.35058029084118,0.5994351519815424,25.532095160109947,1756.5696041092788,0
94.67988984834793,1.0723026510807112,48.59304513365351,6124.861356354151,1
79.69267589808527,0.45001275695891485,17.697820889518972,406.96029008979116,0
59.64427876792894,0.5543032279289652,29.29911035087328,2331.2802712174753,0
82.56788679986983,0.4766102199546406,35.861374798040345,3877.8241923374035,0
81.12468794013603,0.4803906789323062,29.53369667229118,304.36332645700446,0
64.83316871423503,0.540968534374655,27.974944642746514,3526.6760840565057,0
72.55919526325799,0.44030064115790674,30.647108384076503,4098.558113766625,0
74.6069271237237,0.6493003104443203,28.23439909998777,3304.156492635261,0
73.65503215598267,0.4839869860402063,30.154247463784696,64.68446137677996,0
100.04997537298823,1.0998162119447579,35.53000930485548,1165.1615497308442,1
89.31366781831184,0.6455600479257299,35.54337209977862,1710.5653944597539,0
85.81766727672829,0.6031653774575175,37.1163246053283,1168.4501781902295,0
61.87780806568594,0.35910808973094754,29.33304838944189,4813.260701137137,0
81.22069990306049,0.5444895895009885,23.067552896543784,3257.9695705689683,0
88.28933319535409,0.5850719394460647,27.380784148433023,1484.8547867578516,0
78.86808520689203,0.5891863022160748,29.08005669948518,4648.487493327228,0
85.90980425185967,0.3886705165885369,32.52769438451604,3702.9709973809345,0
95.12270445700764,0.4342964762982676,24.959933884146608,1423.0360591352098,0
85.23709546106981,0.5994558235741622,26.154188406789245,1894.407847009777,0
77.49308595641729,0.4238239629317354,32.55338068929404,997.1442915197837,0
85.45088474084753,0.4700303943335686,34.694544160197786,4855.369991329109,0
95.0139287436685,1.1318030983780143,40.386689659763704,3560.9524216148097,1
75.23903043284956,0.49522007496152104,23.33391473024502,4480.283437489923,0
71.48585764286267,0.4273225862166157,46.42059100643942,1732.4988550842386,0
90.63413358832108,0.41223826431370947,33.91652118544357,4304.208015487378,0
66.81571334057999,0.5332719329585188,,269.4342421358198,0
105.99156939736939,0.8578360978407988,46.542623501872534,6314.158788656731,1
108.17100072894037,0.9643634560610523,42.955749434652375,6035.500783801892,1
61.006938251980586,0.5333230534990022,34.335784445500934,,0
78.67649292991422,0.6299149820547667,30.796965988881112,3873.6108265728867,0
53.99973492348376,0.5667548080369995,30.456359490837865,3761.2896323691302,0
99.7385027966847,0.8251282271654159,36.79129374041496,6471.508525023248,1
83.8523148298899,0.617841931756372,22.76309333268455,1536.2749056440555,0
69.07644044347947,0.47004849624525225,39.6904744969657,2327.6000265707476,0
76.23547695955583,0.3764296977950591,25.292330398661285,4324.998063030265,0
94.54157433750287,0.48279586407345276,23.19988211844703,3892.89727067608,0
69.94253295738064,0.6438169201145703,28.935700586218164,1967.3335937013958,0
64.410924129434,0.5165240050064925,25.192640932447468,4228.62616456061,0
89.81663402462598,0.5012521864329786,29.741436047198643,234.77019616200744,0
105.60500863233435,0.9612929028606952,36.82278473276686,5239.894258337677,1
75.03695671847848,0.3568645152945573,34.97651450264611,1033.8292971685032,0
102.2321636694411,0.7377487268079543,44.11116865413929,2035.4274675887075,1
88.41475915530881,0.3384153529033168,28.4718397260716,2466.074217977968,0
67.57515767461616,0.5372648186480055,30.24795913830793,2248.6725053498694,0
70.14694164632132,0.5166493127115125,32.03939525448745,2602.850534349405,0
102.67224405692136,1.22437487778165,30.324945453676154,3890.0709839308656,1
91.85014278708509,0.524347507713677,32.852923500599296,1657.6384551574847,0
80.62880860174354,0.45958428405206975,22.71350356208084,876.13756508515,0
66.20185646497946,0.5001794872878107,40.20173299453245,3842.40614643653,0
94.87061111699441,,27.977424576791524,1999.8807454357104,0
69.69029102188036,0.3328238726671833,29.075624114027043,2529.204312295295,0
71.64862218828549,0.7710331644334893,26.151464503810722,3223.4835917555906,0
78.42337834489622,0.5519871018101912,26.850149840721553,4548.18961153328,0
116.51363582425236,1.1312858329163278,55.84326119369235,4849.152462118867,1
83.53975976552223,0.561516398427858,34.70184844311649,227.29612795192256,0
99.77756734381732,0.891341326396725,35.771759373552754,5334.751238983729,1
93.72690392864916,0.8129473119420855,48.32881622334804,6296.678760474487,1
75.43514668643466,0.43687588637592994,35.96621137570716,2362.4251268569105,0
80.58139514518507,0.5599450686321704,28.593937688558558,4847.951682273004,0
49.70439922305697,0.5385710840531452,31.53348471014919,2736.643711715747,0
72.03392540930201,0.4190109900910592,29.92527960289463,2298.079979359749,0
77.4132193491678,0.6419035611367264,39.86289952223466,1657.0238236372752,0
63.48985916380493,0.5293352036322984,26.01854905503955,3287.774379166694,0
78.86323317811559,0.5729819362267631,30.730053048878634,1149.1021026252229,0
92.49283753257347,0.8354507234326263,33.20591312340919,737.5535708660516,1
92.5547569831549,0.5021888821164835,22.83479797691073,136.1855129210704,0
90.73019725214857,0.5316952006984116,40.958191275274935,1461.9005635763187,0
70.34194430881837,0.5810027238506117,24.092167104487938,1978.8541608351911,0
73.49162288433304,0.42751389161999476,31.10064593743888,,0
74.26052434391607,0.5054051662846001,21.296496968098324,1463.7491259350322,0
70.48340523840378,0.5125548586651149,28.004647303784534,4920.297861927056,0
76.95024984028127,0.40439414483166053,32.10984410716729,1458.725841205838,0
87.26006981160438,1.0834965916731898,40.08986552775838,2757.701740704467,1
63.693846650624735,0.3592706556507598,32.934009253678276,516.3808276595016,0
81.22711223900268,0.3701896096312842,28.65479454055959,1303.1325666853782,0
81.29529584221811,0.6314226575703579,35.80041256199306,241.66069894495544,0
66.95684240340007,0.5713266250796543,36.80880456670111,2797.5431671866404,0
83.95355430762599,0.3974035182519222,27.066276196349943,3755.3234156621584,0
,0.5607289015101693,30.383664296964785,978.5490716803397,0
77.53165238037981,0.646785044499731,30.917271132361165,1839.554689080354,0
83.20344012612456,0.4969736942403014,33.09674647717349,,0
74.66387435296286,0.7598822900074582,30.071909981221328,4197.6102786110605,0
79.54740912141135,0.32759381891319644,30.95105479671421,3899.8176246583475,0
69.83570356112428,0.5693823453859103,28.7829676260244,316.2701543714619,0
73.03533416571902,0.6166528336221003,30.576199334860092,1824.3380466020565,0
72.9414056911966,0.5891343901605247,36.48970096767566,4776.433069247477,0
67.53421653459762,0.47956442733543514,33.230416206059274,1960.135280394885,0
73.23225836884218,0.47095585179888505,33.506278197216844,2631.0433836200805,0
59.51381701136253,0.5444145171087258,33.61535162067789,1776.214305051776,0
70.08846252857896,0.5815754486652069,29.23095611059482,2980.656940641309,0
72.15124506630329,0.5602473436282364,31.59413521789765,4890.784378184111,0
72.4382024750462,0.6040057890793389,24.574131608321277,4987.512517405985,0
72.58502554129221,0.39811300429332647,36.34403828158479,3873.5748900559556,0
74.38235800139871,0.4772229020876365,16.085197838283896,2021.5554901021965,0
79.79441518086064,0.40599840678762456,29.564258038322873,2472.1610041449417,0
83.74517074132523,0.46138872239138584,35.70447988575137,1783.6566405615272,0
68.50234773151733,0.6015220891814306,23.180660331853293,4927.873149521731,0
62.967991446108556,0.5107983920725229,31.998899588084257,3538.8015291270185,0
64.57955587756896,0.7606859163149771,26.596167767104866,2244.6572271675564,0
70.12797078805073,0.5193406367189717,28.155983674055655,60.57635054801169,0
71.48078682183491,0.5059691880579736,34.72970480319719,2602.417071952742,0
67.30003933802543,0.5106182919440216,30.99028462942575,4919.64100850809,0
62.038833357501055,0.4362191307140064,,2615.3045448652597,0
70.43879172525811,0.49421633876224064,25.117872301342008,912.1334274455684,0
76.81426620113972,0.6127788027111646,34.876678674443795,110.46873552387426,0
80.95029465835565,0.5113970668127772,32.24471359096499,1773.5187906210454,0
82.25031882967787,0.712014038351491,52.83988077114974,6219.568686243577,1
70.87002177856566,0.4074915379521365,38.41323797006649,4982.7705408794045,0
65.73301691152689,0.45497981083341565,28.288774349266042,4726.839874060013,0
74.68560829625224,0.507386343441088,42.516189025347444,3647.099966271284,0
66.51571365809185,0.6193586535476262,30.122398349259555,2790.7136422032763,0
80.731278132412,0.3659511358633563,25.186657327954872,2953.43073191126,0
57.14133508065889,0.4680173722111244,26.831800670447112,2694.9600454598044,0
89.88320270637963,0.8763309791367024,32.94118169787692,4481.796077178816,1
78.01107339191742,0.31662942323705656,38.03509504124641,2094.366133476762,0
76.83834516322504,0.4166401717033594,37.973809945219315,3346.0200247788275,0
101.93033663980496,0.43201114602638135,24.922462805933396,608.0605747860052,0
78.49800024567908,0.42040296261495014,28.86057855809047,1328.4765328074188,0
64.9594540315799,0.5191889545021647,30.478037720562888,4180.015194043147,0
74.04535752910927,0.48394403904982025,25.198234739289433,4518.744653716955,0
57.23753666533548,0.44447138973989636,21.224489843644193,2695.0411878014984,0
74.1940025070324,0.5427962626552635,28.948211981115442,158.17808606466198,0
66.66943942999241,0.672307471764625,28.394602852703766,4634.867853958841,0
84.15390275560162,0.6639256516741752,28.057943795056126,3510.3212901364323,0
69.50459725404465,0.3077228227937664,31.113580313004825,2070.139618776804,0
73.83234084204753,0.557707218383514,37.14759829262996,2991.894715997482,0
68.64442158595597,0.48219767099361616,28.48453640154137,2148.8741722068307,0
92.38851351853332,0.5155155342865356,30.852214993606815,2326.696133660255,0
71.78757233882088,0.46017169664574514,33.63435261872468,4434.049328297008,0
93.32557043479201,0.5117588629887202,32.770714632563745,805.4212345855577,0
83.14151762118266,0.5151407396072019,26.92788237776079,518.3456774111838,0
79.82066727335386,0.44210482426510767,30.481885615570178,13.64372256507873,0
78.68733147317519,0.4103632452174819,32.73769910084527,1570.0018780606333,0
78.93797298216252,0.45513043173805157,24.358243312446113,737.0688324221369,0
72.41399873472544,0.8868746628175994,47.85915272531171,1458.0659645963503,1
92.15568079796152,1.025553572382029,48.87329619681732,82.79592973235852,1
83.45157971184321,0.5853348977340147,26.386098722777533,1135.977073438516,0
74.51102816525895,0.4505809976933087,30.968350091740845,1663.5579096618696,0
60.94810153196425,0.5283844567302737,33.211391283355155,157.83748204940662,0
74.4759554942253,0.5962502591953298,27.271929218356238,3039.5206214857385,0
92.04105516255491,0.6165594895144129,32.408069228440475,2844.0017444187897,0
87.4689171553472,0.4941167145868478,30.816278131460827,485.17889254962535,0
97.5047752703076,0.8662419028171331,29.792611249090665,4172.37434282028,1
84.51449277058086,0.5191124233836393,32.29580657989279,4993.269593044388,0
100.3241161354245,0.7350744991553386,,6485.495253237334,1
57.96128413173281,0.4806390488964492,34.696014258310235,13.354966838316496,0
65.75534011870445,0.574458639847313,26.643944624330555,3976.891556651798,0
90.62888768508198,0.5641947129443701,29.193572831694276,1768.0263811824298,0
72.26006918170695,0.4729732395636111,36.86139456723288,318.25685167313713,0
72.56616020624982,0.5217718201087167,32.48190823264422,1479.9160685810402,0
72.00161803725119,0.41753496597093126,24.602630402127275,1608.6825815648115,0
94.04136589573007,0.5703492148225024,24.92541714600458,2616.2211965452843,0
91.25958915362062,0.4922178563863527,27.00348605688137,3305.418836344273,0
97.18780233448135,0.4724048548303862,31.97322041678333,3745.27806104204,0
73.40954789599948,0.46382761639066133,31.79149907466384,1229.5152128163334,0
77.95624488747094,0.4937106133100142,25.784488476685652,,0
59.833574505792086,0.4552122355068042,24.163952571928206,1541.908534298676,0
89.76934426118274,0.5658143036002563,31.40791702542917,1813.6843406043822,0
63.32220448732065,0.4604716451983819,29.09069967104919,4998.281544781694,0
77.16775563762629,0.6592964096027382,40.78607943723868,3889.7165141371293,0
84.67042673525236,0.9680953317510776,45.68152835890264,6544.464534436456,1
69.11133173261304,0.4108456510145495,39.07126413850138,3465.555297735286,0
66.627375689503,0.506970426942928,24.1480820094783,2031.3535082364215,0
68.92124739324183,0.43493433786638047,22.133935302191464,1948.7209181348746,0
69.60877296851021,0.4673352436811389,24.39957433737233,2442.9057248752256,0
69.51731205074923,0.7002427467644797,35.94564890726733,2084.3489168221868,0
83.33333911780306,0.46924285828842005,38.78050794846767,4141.631230463729,0
63.9513720693748,0.5360226037077429,26.08910273023683,2325.010065133464,0
77.20541427013868,0.5541321294008278,27.69716985120221,1478.0718010542298,0
87.17959152305559,0.39993706275167595,24.1550954489375,3874.301343483259,0
69.86803635486604,0.4144904525590795,20.941800764408065,4272.102046906974,0
87.86986123388127,0.7189121121263742,45.26142199715457,2614.1527123483424,1
72.69475374819748,0.4114029266102223,31.115101514810817,3339.04285952766,0
86.7972520836071,0.21499698906828174,30.052439913369376,294.02266944152376,0
76.94107630953357,0.5544582400793628,22.9997173141831,2647.3242598573333,0
69.68785705392402,0.705419384125607,38.1997834091433,224.90568872754025,0
79.8387665118804,0.5147820739036527,27.483216309752635,145.95420247234037,0
92.52053619210548,0.6472922516903848,40.702879541255726,4119.7685349531475,1
81.81359510442948,0.4357223617100052,22.727192973776376,1516.6769119749356,0
79.08607307701767,0.4541123154975003,29.047374051899812,3712.685812277327,0
71.92191528861116,0.39824152227866244,31.45687228119292,4480.412803162961,0
93.03816051488393,1.1144180971810285,42.83102840166739,905.5103961536424,1
66.13319077716542,0.5810260044375334,30.773242716183127,,0
80.3481733634591,0.38445482061823405,32.472612460243866,2572.599991441716,0
87.28980502489063,0.5725081044447508,,560.5962508134943,0
68.62692252971205,0.6526812663577265,30.9868630271983,3257.9630324036234,0
79.58386703551484,0.690255820522956,30.568788417401386,3047.334015532364,0
54.12972981397931,0.7865212023085963,31.158363420975306,2578.209337003913,0
69.153822693428,0.40980073505568027,30.361726086595908,4632.35602279829,0
104.77685326427742,1.0639656739296144,28.878757825630895,3677.9887418303606,1
65.90316583018166,0.4645793611491212,23.411001239455132,4952.575577251063,0
65.63493625210404,0.4407534544619486,18.928659070577243,2546.144069240555,0
68.32220443531114,0.5327072374877845,34.08767254922649,579.2601915068379,0
77.92192728326373,0.44179386659069875,34.13828754867599,2352.356255375152,0
73.12670981593625,0.5399044140646526,34.217751456110605,911.6438127753562,0
52.61768766675028,0.3679922812262698,31.53394981230726,2985.6674260871364,0
74.20561918029496,0.9708808583574648,30.23487784075059,4252.95693572507,1
68.93134822142825,0.628558223436168,24.86644754107367,2342.1763935354684,0
103.90818766867413,0.8114457148781833,46.22096917788472,681.2498520707284,1
47.52495157274765,0.5141595786739883,30.677590013958977,2343.2069929177646,0
70.00269823848369,0.5475258604717311,28.886258934239894,407.271073672002,0
69.7375214348258,0.617066162931766,31.844586014541235,3410.62977753267,0
88.88337778208448,0.3344775287810567,30.058258538426227,,0
71.14978188287137,0.5584524051837435,30.603852327756808,4811.901636135195,0
78.82988984740929,0.4731860860758237,26.80467333583992,744.0105356422821,0
76.41257140087463,0.5166637895311839,34.91005493060795,2662.1016776665206,0
53.694335201928,0.6059950169762376,27.84614195659808,2837.686837677093,0
82.68207216631737,0.38058133485881557,23.346754584896868,4612.382668904898,0
77.15396505456287,0.39873555585569104,26.145004935906357,3136.383202982571,0
80.0826863967459,0.30645700402861936,28.2576690431901,727.5482282266055,0
114.26237706436326,0.44508410582362234,34.970013941844236,2181.756619815946,0
54.158870605014116,0.6330432344378817,29.788660007826035,,0
92.24696649761108,0.48794128115265306,29.069258905171754,3501.4221603464866,0
72.12552480599645,0.3659875104345214,23.756682876186865,4315.3699929528675,0
77.87328904403009,0.4514321255424953,33.92741294914788,902.5355992219858,0
74.54487754698758,0.3512138296509377,26.740239229883073,4757.710733777492,0
70.75763666601956,,29.49986070529332,295.6970600779613,0
69.30167071761241,0.5388818910263713,37.40091538440932,4918.81067284451,0
78.29508735573009,,32.54381665524652,4288.835464332043,0
59.82826303328321,0.6112634305203302,21.85872976142413,3301.3639138108565,0
103.99888901060893,0.8322965737545283,31.505160133680484,4635.320795866224,1
70.83805595114745,0.5085594703944526,29.67844774940377,363.46002959398214,0
63.69930660959642,,23.936296925625975,207.3993144722619,0
70.49987142004187,0.5772847838543723,33.242733738164986,508.82898275682766,0
87.57149216862572,0.5783159887777011,30.211315324824895,436.7990733206889,0
69.64664912983777,0.5335054351912172,30.826923845119314,2736.9061673471756,0
78.5845361820962,0.5564789105907648,26.466284091788236,1077.2199355589457,0
67.69043724284526,0.47879103300795745,38.70691827643353,4301.028186033633,0
82.57921849923619,0.5542203006909049,44.212968640052296,2228.743115340361,0
81.85507738790204,,28.607076381216427,3477.5523822913747,0
93.48608833296412,0.5002231622162402,31.765196242075003,3264.365464850799,0
73.24436054500785,0.47253562506337027,30.487086715321563,1599.2651946485503,0
81.68654804757907,0.4542781460680804,28.701565682794655,1215.8378676286452,0
75.98067539538944,0.43108882022782097,25.839647661336016,1712.281426483176,0
87.95871781863015,0.5467690103858885,24.575160062597615,3983.2918692491876,0
67.81167612391269,0.6310605912813463,24.32201367237238,2931.3842420980923,0
82.45005312877281,0.6171101971669559,32.026200127745724,1267.6933125958767,0
73.05302703883318,0.37434346640545646,27.401627608981823,4089.232215302151,0
74.35811822891502,0.6289203051406873,17.10853574929735,273.79693055153365,0
75.91752484448372,0.4681841498382071,32.224291102991614,3495.916874951477,0
77.52240396426677,0.5600733015145591,29.80869358767922,2195.5040287465545,0
96.59047430835722,0.7823738723396751,46.49841967611722,4412.83794848591,1
99.84026474752142,0.906826939974388,44.80137782563047,6054.199044438619,1
90.78118057562185,0.5313723182896907,22.606632018448515,3750.1704897345194,0
84.85449685615218,0.35153952080803474,18.851616796350093,2209.8267765569117,0
83.69154592496896,0.560826716634419,26.402638078310314,754.8784075694037,0
70.44460473976129,0.6345935007838315,26.874462896531735,4031.7548790271685,0
66.10759171771676,0.4825352054318372,34.71579600500083,2303.5276346068576,0
95.88125891243342,0.9361757690791364,38.545043996327365,517.2156976792716,1
83.76046792529795,0.48103065065475925,35.668442490492545,3595.27698888433,0
89.72670675750982,0.5849584531046618,23.375834721486825,1459.2598295829484,0
68.9601937403077,0.27814300340489007,34.82632192190224,244.44114752592617,0
95.4456520451516,1.18204307030331,38.43270667127974,6309.054488874091,1
58.605158374745656,0.6495458245242958,19.908829442844016,2415.50546046955,0
71.07528893939127,0.4715374495746321,36.61308920630386,1404.8052658651077,0
84.96570510579447,0.30279109733561815,30.467292458831764,3581.932789424558,0
93.75606824337135,0.8788312696639784,44.366263327532444,5719.810116416772,1
81.40479795200824,0.35560744529262434,25.675519437857886,1.535375168777442,0
73.09496894002189,0.5444853537557488,36.37623506460986,3439.2609252107686,0
78.2405702822156,0.5411565719164282,24.070738353805652,3835.058470092107,0
63.523086101843326,0.40585968309979753,34.16046009186973,1049.637136397465,0
75.852094496339,0.6120967023614378,34.10303737954336,2448.119157050872,0
45.08864029099277,0.5805574702806173,25.129162859138887,446.42949458967905,0
73.13103841838016,0.5975823337288564,39.916867997112874,3733.749412576738,0
58.6952675628486,0.5008857703668895,31.157642401087596,4237.280092816763,0
87.05994516546816,0.3584475933086293,33.26946305135512,540.9332866233029,0
82.77407352764511,0.5977872272211138,22.36439602332122,4082.3012671641736,0
79.66670981966081,0.47296286008642086,40.58865001504282,3857.8508524226677,0
111.49207863736564,0.8540702307730856,32.72040271149981,2292.7422069249114,1
65.51083479175162,0.6352039365974326,,3451.4476496679163,0
92.47363197915558,0.709940752050251,25.026141410341523,0.24061947155873398,0
84.32191564260384,0.4958751871020797,26.905055985761585,4658.988272329993,0
72.63444712781055,0.7159121154603292,33.943770219427236,2751.9161765418644,0
86.35620147182944,0.5091314728611349,35.13776356837579,3101.6943203099972,0
63.93706487588366,0.46195440958336487,23.64357875442949,3323.2970676954933,0
66.75485838472326,0.43695415458145226,35.45236084528497,2806.8450860918338,0
68.914102767603,0.6637082407992743,35.22490247566597,4283.819437697315,0
69.71022291935985,0.4219856118612228,25.31023295577554,3048.5091607577197,0
64.43442357239748,0.5735269309974987,37.99323796795555,4538.799956202363,0
87.23083067095325,0.4440836164940792,22.71571185875981,2911.658111170045,0
72.41145599630168,0.4539693237425637,26.876137086111925,855.612109902833,0
78.5250496835688,0.6030249693969567,32.39501312045994,4567.812779196514,0
69.2964863358632,0.4619963153710646,25.73216857648697,3408.1374917988837,0
56.79396699451483,0.4595204620579707,31.319095428396704,3496.1949721777805,0
77.70057358391422,0.6132804697174807,31.205380394016476,4927.4087528580085,0
55.87745024580223,0.6597397293221623,29.064628650386396,375.98277104789577,0
96.48372062058905,0.8848103515698313,,3212.99446649201,1
61.3168496116719,0.4345230224376051,28.858196036711803,1195.476964933076,0
94.87275999230808,0.44893915007024204,31.15770534406903,3152.1323235682858,0
84.11362722174722,0.5079915263740038,35.732359387439516,4034.0584187403592,0
76.0575379127148,0.5320930061925657,33.953431050129204,4831.553544462064,0
105.03566847526231,0.6081481855125708,40.48950743818989,3252.4533540330767,1
66.53684022534264,0.5723037939579864,24.254101988916098,3931.0911532130212,0
80.43479378670094,0.5085513329639599,32.62396287750661,4585.257960201898,0
94.91680301943887,0.752384630275823,39.68629592160344,4118.354690219421,1
77.6402008133367,0.407107351753927,23.59292510110987,1213.662762248856,0
87.72353500106767,0.44958713263483363,29.641468268575156,3039.270755538957,0
82.32492102779803,0.4927142311158945,25.47852406674205,4849.760239085933,0
77.88723662825024,0.6889278795503996,33.95308859419988,4937.7691443078265,0
79.8753221436495,0.8073642480061105,48.39374513394873,4814.940078416074,1
,0.4159228110101375,20.48686881784279,4434.938789359946,0
102.69782444744686,0.8771885707437236,34.60185158523406,1343.6486915659748,1
75.93372374276652,0.4647912252546119,22.701066640410005,1230.393024761084,0
63.69796275326076,0.5324758239533541,27.686853617035545,4764.438064424298,0
128.81560807196766,0.7424881927420234,42.15135856713384,996.1496849557442,1
90.16394055253573,0.6209230647223938,28.788559509108058,955.5321904673947,0
81.02118320392483,0.49757135043299744,27.051203796664325,2102.7429956002584,0
75.72036861283745,0.6638960527599833,36.5008826340657,2947.9214387667516,0
72.87791030098849,0.5908022662536191,18.475714137018556,3019.0860948413583,0
65.48081539977764,0.4292560455187812,36.18435946759112,1459.880043327822,0
75.77480518518863,0.7209855665748464,27.278558534222572,4603.0694897517415,0
77.57752540142751,0.5326994513270098,,4575.499538039314,0
62.58239424518376,0.41648754960277645,27.363183311399457,1960.3402652618624,0
78.34176417244898,0.6652913051230422,37.714440527695594,2171.4588471514858,0
73.44740951175251,0.7077777585198445,23.8451075159737,3512.485584119559,0
70.87043879830017,0.8584061150711477,42.76553684822546,4363.056319466205,1
87.63281795637249,0.7207949606081876,40.65391771081243,2561.8175729192344,1
70.86394466578356,0.4827625042546338,21.94498616057416,2071.221257605017,0
93.8768765734019,0.57147317275177,25.40050914776923,1740.1947171076947,0
80.56553124533758,0.6277856655030514,29.259107332508854,1176.9250347665395,0
61.64518430900109,0.5570487330863574,25.566674826578126,2290.6918146206986,0
79.86036289417638,0.510172320847177,25.922041143904252,3432.170659512702,0
59.52696011061634,0.6498011770304428,28.25068668461781,3709.833526571465,0
85.82691053887073,0.4687163526948478,33.24790665823087,3894.368241279813,0
70.28875348182122,0.6030919338366907,28.286411115609276,1873.6600672656073,0
74.06363811260829,0.47119372016487215,35.39213097236473,3823.179971424868,0
108.24899348700397,0.880370463755785,28.690643903606585,40.86639761212313,1
62.1283643141575,0.48864374352095485,23.74038869763274,2385.249688584411,0
61.02881814887009,0.4944147817347189,39.63172702860567,3969.522000663454,0
69.16400673653995,0.462261348253779,26.710209361672444,3150.2236032067667,0
85.38378851019317,0.6344854031180694,23.4454399646392,2370.3156207725383,0
59.806539245231576,0.4267073961891465,21.28973029114085,3223.2100330317458,0
46.67844401889431,0.4259767747451292,35.37551726904469,4534.730015743319,0
70.48841141591001,0.712099356584511,28.293477426699702,2831.909003051037,0
80.51740799910921,0.5977847564654332,28.731451324668008,3998.930957300531,0
87.00261749738829,0.26148863013069634,29.2039914420668,4903.7136261259875,0
70.36838637914602,0.44347412607895964,35.0647144233489,3527.8410103778333,0
70.88573392883998,0.31880106624379456,29.102350830120397,2866.6288194453177,0
86.53900734255747,0.40493093065847446,41.72026889416313,187.4297356267013,0
56.3025830030458,0.18614853337659598,30.668802870271147,1872.3894912729377,0
71.1147922481699,0.4863010422306058,35.30892383479161,2827.2136675755914,0
76.90423889925057,0.3858058180838688,34.02619928952203,3986.0328585301622,0
79.49218721285034,0.5059905256796439,29.81776339870981,2190.5239482378815,0
91.66697213125585,0.8803048007350761,29.740199307426003,7054.463694346222,1
75.34441011705842,0.508291185317204,31.65981964283277,1358.9687631183745,0
50.1167264658701,0.45850837218796725,32.550493656036366,3722.8359760515823,0
68.41751587666151,,27.137069759367364,2095.1570854206375,0
79.53508712554468,0.6411356861745625,30.83169432975328,2429.9424728295294,0
65.1770596574532,0.5785345603010283,36.18102489129798,4012.5101693272013,0
75.58984221589597,0.46733862193387876,40.34973869534839,1481.0763082585277,0
79.46872500802698,0.6985380395260293,34.27184660174711,484.06028297571567,0
71.57450799142235,0.34469647221601796,39.31379843190141,2601.277923067136,0
76.70463770996571,0.35964413704363374,26.85312894396772,2643.9730590187437,0
65.37267434715388,0.4916216900110935,33.50941126029647,3985.838861126869,0
72.93388720303953,0.7254038108921119,36.69259754290636,4841.596031160509,0
,0.47976610931299124,25.51833333514002,276.50343164174194,0
76.56972960968434,0.4816754756790718,27.572049439774954,,0
69.13468730436064,0.35580896438881904,38.68952380917625,3406.3926515739995,0
77.24216404290793,0.5945929585270379,25.1245057210653,4929.006753742608,0
82.14609790636618,0.5953176254329354,23.294349836721445,4712.9510713845575,0
54.50058721422522,0.578907520139991,37.639907868197554,3562.2538235598877,0
86.59074064955898,0.43707793271526374,35.98381612490219,2608.947056222329,0
71.63745261318928,0.42932932316269945,32.160601219918846,807.6196114963063,0
96.9444109874588,0.8190867214235003,37.57084499283025,2677.7163652895774,1
86.97246923645228,0.5083872501760933,27.80737747197509,2925.611625285772,0
61.28326302769534,0.39195926707214984,31.409744369045256,3626.001982978769,0
67.90558997572454,0.38225834947507115,37.89903478700775,3176.9977873955613,0
72.11451304124296,0.45763092830893237,31.19283063071038,3570.614009138706,0
67.16246478875571,0.4510843824815784,40.83479633623483,2145.7625227594885,0
92.34936575836808,0.4462021471178045,25.51029007179885,3638.1364528550453,0
66.43227906173207,0.5466444596840261,29.901596228358652,718.706280098596,0
69.44453220513134,0.5079047802150279,28.134706661680422,812.9315588155678,0
77.04389031602977,0.47118439694888825,24.574292284188335,814.1607291473141,0
62.97850473923911,0.5183012928311482,29.234581334951724,4454.32478517888,0
71.04319288243737,0.40084729588953677,32.086646508302195,380.1703165431725,0
78.17453261250175,0.5105278623909678,32.62115089976015,4007.5418636673794,0
71.67139595617489,0.5150602492844634,40.85226089472278,1167.8544902336857,0
74.06613141100051,0.3496953140642519,32.3223373486178,2342.1497024762534,0
95.62746127212793,0.8340816965516313,46.0318546573783,6020.982226491132,1
59.85529690819233,0.41185662947730045,30.33047123149488,2929.6861484375336,0
78.21593211339238,0.5090309799206435,38.390278002262974,1050.588431161793,0
92.54933071647241,0.616441174053527,41.992246427940344,1420.4503015940356,0
75.18401630783438,0.5925676757713869,32.65542565487975,4602.2331194789285,0
77.25264117247549,0.5034333388568836,25.036704922742093,2135.7196255498916,0
81.9272275511686,0.46375009971179315,27.25597488611416,2934.927415033947,0
62.30669503453301,0.5947511908575567,31.40967151602581,2299.660983126944,0
92.02514658129606,0.567469497780862,32.282490176253226,1892.1904402422479,0
77.02328796422802,0.438163497995587,33.49212567192186,1116.3956346620096,0
91.3185689908911,0.42051063529983096,32.3009884061502,3430.9575024230103,0
67.66967004476011,0.29276448183040016,30.034924581279693,3591.210131360602,0
113.4885914334967,1.021856768891398,36.15086255292022,1658.3254966298136,1
82.75155494034783,0.49173022549816015,32.00569130632115,3945.054215274152,0
80.53040085852358,,39.274936787403284,4272.676001508397,0
77.34024454353148,0.5359055093480367,35.099643027138775,4603.375481198152,0
72.5147138192555,0.633422919417269,32.67351974818099,806.0620695918496,0
87.00531658473872,,35.14783461911375,,0
76.40359869848047,0.6138150330967619,28.14467985549574,4301.766737518478,0
55.32930296412847,0.4471083620895345,27.458674269583398,992.7010141394699,0
63.82813538292997,0.5777596061792272,26.26107447817009,17.34229621747685,0
73.14154247807252,0.35412416074693065,29.373566886152812,4354.136551258172,0
78.09998983165555,0.5235135299366188,27.8899705164546,1632.2472087568467,0
74.43411511100105,0.301531205855409,36.041373703260696,2072.48762569475,0
87.18970789793663,0.47328625140582453,27.623382911589054,2231.67012860319,0
55.48898135961375,0.5440353993877913,25.986391418875417,4241.373003336143,0
76.4358793650516,0.4479031448768904,39.71288589415316,,0
56.82020774612845,0.39495623712440325,27.74312384459328,4461.399429282409,0
95.82024353321596,1.1111497110281938,,4214.830141404463,1
74.05541285557997,0.48965372101530763,32.25661412371706,2636.4336201684214,0
79.19609972024118,0.45104293529693285,24.316534405395924,1628.072535637312,0
66.36117039410234,0.5041895921154277,36.17741884751535,1218.5584814059291,0
87.7946493165775,0.7636669141945589,33.185595202056135,3120.2922138867434,0
85.41724664058852,0.6153502849781544,37.79192005940391,2234.4708002828806,0
80.83544303011888,0.6162573668187841,26.6038903139095,4552.580049660031,0
73.7048275313656,0.5435546318992364,30.4956289623808,2458.1935805702487,0
80.79857285295132,0.5166485272577147,30.196778774970976,2558.9745835059557,0
67.93107432012651,0.26039177116695833,31.319442471750108,2083.616405680004,0
83.55555659020712,0.4321019653536868,22.726926257114194,3946.314984956425,0
107.52160757128783,0.7565620340238872,41.990459211235546,2715.0426675274884,1
85.70610559979187,0.3125107935952467,22.867680442881273,1346.7099987487745,0
67.70397530192591,0.38425842097845664,31.791670355984607,4310.154371467549,0
78.61417317273103,0.30191635290773655,19.356754377407402,2984.1411068262014,0
62.06858456241352,0.49616761643026275,20.74206582854707,2957.5510988450087,0
80.72390311175675,0.5818765970848816,34.092743582199994,3054.111035819633,0
79.50603412862539,0.6106774518624329,27.265807724026086,3594.1987410283336,0
56.30183660467836,0.5414784462079241,25.060709631838797,1565.3399465628343,0
80.57437398700795,0.953721904593645,40.030802540480366,205.6862034119442,1
72.16861103256232,0.306793484148004,31.638131086642076,4052.965804385048,0
71.99140252859173,0.3243131300598498,34.36045097766892,644.5252694081871,0
62.90523064581195,0.3731017422745502,29.168789638395847,3609.098686052721,0
78.88978729352183,0.41111403019643256,43.39814346950001,411.5764914366438,0
77.51473608940512,0.48402515020084136,26.977430697201026,1876.5392101424604,0
73.0573086802148,0.39858357818730317,38.72247774679944,315.1303491576912,0
67.44208499841638,0.5338975893668262,29.693169799500435,,0
85.48707126416564,0.47677264972005273,21.72744802543627,3265.6788639078754,0
91.55407113088296,0.5010545711741026,32.414243728740544,857.1657058909416,0
70.16438516153463,0.6140250552671205,31.573812807275818,1858.1380921920104,0
68.8783308284518,0.381976826579963,24.74339092880385,4651.197455215268,0
79.91207665411996,0.5418704578292368,25.388903614326427,,0
71.41970620253014,0.49860267715239265,29.87651178457504,4012.717844882783,0
73.60602799336766,0.46665137190303047,31.748739076239907,4635.923725301045,0
82.39653151724671,0.588525632086596,17.646683585602997,4871.729124886432,0
55.906439124927076,0.5879014154557007,35.265607262619014,4491.610098456847,0
88.1830232485267,0.40535092040115717,27.527510130925112,1587.0266457948455,0
75.72680524329341,0.48178394161420757,23.34126257800912,4812.864430805965,0
70.8850685543782,0.5281211682584065,34.705332757259654,4061.9762087302347,0
74.1076584577855,0.47269932519774155,29.881910102907717,4185.877918197439,0
74.62429355020518,0.5585021332287798,36.08082888391127,75.86492085917385,0
57.68798696555075,,32.189761314898774,4771.194316591468,0
89.94938227453235,0.6832561240356012,29.99242748525977,3890.4511192437035,0
75.41325632270619,0.34697208640702126,29.23635027509922,3839.8374825395,0
79.43002130447375,0.48775640102526024,32.413563802780686,407.6236546429313,0
84.51549770574043,0.40914974884878086,27.93234370595335,1162.8427053666562,0
64.788375424397,0.5604107455439045,25.737137056267503,4811.308325689495,0
79.73471899035229,0.33828281099544555,33.04954561327322,2503.3853740273817,0
72.32358909101207,0.5346312710224886,29.27756079277785,1989.2900911862805,0
83.46770775216494,0.4369951568651659,30.16783824034503,4199.704085734568,0
53.727725796485046,0.4265838133878986,35.44689918077304,436.7020705697217,0
74.00905699758731,0.3553501796459313,29.430616961321295,2084.7100813552966,0
68.97179344216039,0.4534924053798994,30.075169627708952,1878.5038721104181,0
79.32262950634156,0.6084500530290926,27.001752442745342,1749.2569351519637,0
79.70044187368202,0.49748113164705204,32.15369966990925,1538.4612182653657,0
67.92374105177974,0.5627680417874474,31.74913956340044,1050.37478395039,0
89.72268886599048,0.9757816491864353,40.604687548606414,1172.514229662804,1
97.85686106269787,0.8977533736962849,37.014928178166336,3888.2010288840565,1
66.03357772684792,0.44412004279376593,27.710915152049072,4596.974206043392,0
83.41983695452127,0.546725221518279,33.96068699572734,2544.2582262494075,0
71.30792799552555,0.4455703853685708,31.261065016814317,1489.8727617332213,0
45.930117806783585,0.44955773167028307,25.468909369036528,795.8009886111317,0
71.25177943378193,0.3480107200381015,36.532770338672506,4150.716825262971,0
64.61456179156028,0.5926257491084392,21.507747157998743,4857.460282366069,0
58.687241845390545,0.46139974243505605,33.92142376631876,1745.7770073392592,0
62.62573361777427,0.5182098245815862,23.673939820009018,1454.7521277606445,0
76.0940847183297,0.39640380713933604,39.42894258242764,3007.464764874707,0
88.28640828248231,0.5435947629715472,22.277001365471882,3876.6449047671285,0
78.1318447386498,0.4238058761864916,35.76125325936374,2277.0140177483217,0
68.9349661178426,0.4858291278298176,29.59182819994378,3150.365749304746,0
79.55904195170703,0.5877826031239126,28.16698715080628,3582.7453401164594,0
70.40909689781009,0.579075931223253,30.926983282338806,4802.961439280896,0
68.05399630836855,0.49779699274830597,33.15950169578907,825.186652600417,0
79.57839950522276,0.6853064493209229,41.86049531965335,6151.897344339817,1
57.48171193248281,0.7992810570060642,25.92106137415714,1960.783276206144,0
71.10076293440555,0.6745858970273136,33.24802432556443,3616.0007136327686,0
76.58053489920133,0.5722674824888299,21.463285231752,2862.071889864986,0
74.0337632998511,0.4246796218409029,27.07885453403957,2433.3430850442005,0
70.84033072052641,0.4886407838298035,45.2034347707972,3490.3768436579326,0
65.54253939303219,0.4456579570223483,25.159935177053597,1978.7692511179755,0
81.08246191684968,0.6263855939096389,35.739013958798765,630.549906684032,0
84.5761503193973,,41.00852813344906,2986.989634203877,1
82.76027913843475,0.4215836141640167,,2609.579353411593,0
64.97782981073276,0.4529244900875218,33.27177845298109,1009.5107669996961,0
67.47564762646965,0.6121188142569904,35.64478367591474,4678.096781643286,0
60.33214809384323,0.6600097846820479,28.99873086593612,1137.3782332314563,0
69.98597853114363,0.6528331563486246,39.94442319377427,2046.1379704204885,0
84.75312458477978,0.5757032065053977,27.0533171770741,774.6484342236165,0
80.15628088443957,0.47473751311973633,31.1711020679978,2678.9832309347207,0
84.78422112028035,0.1758486174670879,31.226384661088037,1538.1880405004483,0
98.32497639140868,0.9563307000260421,32.14761492975265,3477.599898729851,1
63.96330171469631,0.49981712411559,28.5706387251044,1123.0845822910096,0
98.6689131156409,0.7787860775744999,36.46222894922782,350.20174545556955,1
67.19800870882537,0.5053897347033206,27.8393947843529,3896.1332554112764,0
88.3057490403904,0.3673737838050843,42.20461982728267,3205.431419798292,0
63.03211353573688,0.5557408556851186,25.806881632002344,1703.6967785550644,0
83.93697689389111,0.563221631403185,35.89712234070214,237.47112341161113,0
83.9295387010877,0.5682338782059659,34.282299065743935,4327.875313485604,0
93.29620201716088,0.5946577003573387,29.930689327478643,848.9750246783967,0
70.90313407370503,0.5604051644921624,25.673954730738764,4653.71109140714,0
82.12322159580162,0.4589970588461089,26.15872339804115,2392.9768929797924,0
97.81651836538842,0.49291631520839096,27.410163503917452,1701.9335495424186,0
68.82358323066303,0.5091124867253377,21.071293590268684,3708.7973844548196,0
59.6495975246764,0.5107699449106619,24.982672871003547,4384.197030375929,0
56.19989966092236,0.5998217655971729,22.587617423181786,1853.5678182285537,0
82.12712028861331,0.564366875302249,36.729375015888586,2036.7187608509362,0
56.168497919414165,0.7077343439569953,33.09231196194109,2165.7910967359867,0
71.27680947062078,0.7206468979884673,33.929870494327304,4611.615307393346,0
79.37313187038961,0.5079649582613925,32.94415975770974,3462.8199575716635,0
95.51217446153545,0.42652947764353766,41.528667123955444,1675.518754899249,1
79.25444864184172,0.6236832466127267,,924.9984875098971,0
77.22289855800854,0.4459623661012946,26.946186721341313,1151.8383171240803,0
87.78865813313394,0.41985160781689934,30.533348276835223,1317.8194459275871,0
65.47683619261203,0.4601554725010633,33.73529413912062,1150.9174566700076,0
68.23004861541469,0.45533569531853935,23.393953840719355,3292.532235961981,0
67.27340554729176,0.5612269810105392,45.482944480712746,579.6675532875317,0
83.3019181186261,0.3440564220873774,30.14282881388793,,0
84.00398588395063,0.39222792542083984,30.709947252877964,3125.267864851832,0
79.51225319318507,0.5343158554197417,36.284390158374606,1454.2998697146543,0
86.83493666889927,0.5622944030413308,34.57477666505112,326.37192350829014,0
63.21959132623619,0.5641541644936012,30.190390096982295,409.11961422984143,0
91.67224111551137,0.4212963721066701,30.65064719049021,629.8338815234317,0
90.23238621712258,0.402173435073376,22.479257345260105,4179.215124340776,0
82.35621997245747,0.44933651662120805,27.217671110750118,3289.317528024849,0
110.17766902637078,0.7831744434434174,44.18786327497199,464.5740734843782,1
58.43376792322226,0.648547736927255,32.219464195214435,1955.3443957570994,0
69.75551863737348,0.2952562814229249,36.105828750020436,1392.9258642353282,0
67.64696539318048,0.47792712430416334,29.39749470888338,2890.200558144001,0
82.21479323757343,0.36673215589747965,23.06356743284567,2614.0297483615673,0
64.49859260397855,0.334775732264651,35.28365215387839,2405.6201168485745,0
82.57495149337485,0.5966956645344816,37.18044673091008,1572.5618518630658,0
88.70536143996713,0.5544624574499338,34.49122286428115,688.9988602199537,0
81.95202900084,0.5449433515947262,29.181831645712542,3711.88191436319,0
77.83751023661502,0.5921025839730993,35.221930259382894,4399.2838442132725,0
65.1212665909925,0.4520281103233864,47.14455239004107,4720.754546164087,0
66.53149033874635,0.45673624836664717,30.575761572202378,293.0948530679023,0
87.49618905296667,0.7185730616722574,23.441316538774377,3699.5435579444147,0
82.79349003905332,0.47534289457404255,27.06857475223924,3632.5172970348126,0
99.83831926604938,1.0187943506359163,45.800659869514384,6462.384458714626,1
70.8209045423411,0.5006381540963315,21.975978445509686,1264.5729724888272,0
54.74192126888623,0.3151741469921585,30.847015374560346,3710.895191475782,0
64.29147581315561,0.2955370996198732,31.901683251579414,273.1314438324228,0
94.11419087139723,0.4421015780060095,37.67560869906326,3156.2286038080956,0
62.195444289975335,0.605610125166999,36.550974280271504,1754.2391202608987,0
76.8947982122108,0.5788291656636004,34.32292395875886,3844.547197737376,0
85.07443973195198,0.5914077164224034,19.18660494742735,4316.521432176967,0
62.450773319977074,0.40129538210636845,34.60526564023962,1824.105211087581,0
76.84710474781083,0.6615872490122314,33.527566930301234,2627.930463496503,0
84.37915537510655,0.40351066998136154,31.279721885391734,587.0203118179995,0
75.12499321907251,0.5212824398669968,21.348889369272573,2084.534826117383,0
103.68403055666768,0.4989647710092263,26.1161304540647,1804.0019662958462,0
58.31400741121804,0.4826126179685414,24.16588615232967,915.6172989225886,0
85.5872852988388,0.6338592138295607,19.924957802464547,4472.393123833879,0
73.27198262603535,0.4294889479834039,29.985424242926026,740.4391902008011,0
82.71920154836675,0.3650394744288072,26.0108893927861,3178.6967876509357,0
79.41307151699246,0.5019995486206419,43.12652790134456,4450.713217399439,0
67.66843802890003,0.46001732657134736,29.156140302810453,4559.842899316128,0
77.28996392459341,0.8377382919082645,36.4687657793298,3966.198499202842,0
56.42098548601713,0.5676507476439975,22.154504876533878,,0
81.03247500571393,0.4590659424781376,27.34955206997565,4087.1570460693483,0
77.98158465990525,0.39438884308129135,30.484489380171574,1382.824062078123,0
81.38660168643102,0.31197115894312155,25.459230256961646,4611.990137162545,0
85.5811832508715,0.3974780914262567,,3545.433407119248,0
78.67619840209711,0.5114941771759132,28.910245468782307,3926.3378050444326,0
76.48089419798276,0.6427328651594769,28.830460072775526,425.1622675096861,0
66.18931663338708,0.6121689142387919,39.27559286517673,2913.825567217722,0
67.87779236350949,0.5229094831646379,31.89113142715755,4105.710634493398,0
86.86734620177332,0.46768323342975154,32.397552814706515,4307.951763862497,0
89.36335405705978,0.5268812356412155,32.698273871725355,143.15852366820758,0
88.59733431463503,0.8772725118499196,49.69773811651633,5937.296724093617,1
75.46002747253274,0.6718363995763876,29.585565080625674,216.69366651239864,0
65.95385625006234,0.481080981872492,28.39626814260577,3072.5933983742493,0
,0.49136621417532733,30.834080297591388,3466.9376380765602,0
81.65416823691778,0.2784177574979332,35.78401974456736,536.7264558395491,0
94.4121743646375,0.4804565153477236,35.63119094218192,240.0593280459634,0
66.21676922820261,0.5836484137964941,28.798007621557943,3924.5607722536456,0
71.21992100981782,0.3932277422961455,33.83921847334056,1923.3531239871697,0
77.31445922525572,0.42492796655071874,29.02707668480166,535.5625765756183,0
97.23245072713331,1.0013482236155364,41.37729200260611,5331.650799602971,1
89.81221088159549,0.7462354590060587,45.28520319781081,6095.978213358217,1
66.270389095463,0.6057801007541919,29.09177430546883,2936.930953794037,0
83.81407528923572,0.44678561098268976,36.7066503477484,806.184042173228,0
82.21135362545581,0.4611431779508797,30.46210573669618,76.11235745745404,0
65.83725899436276,0.3876121594874406,30.67641254276159,3504.0124065097193,0
88.55442801105495,0.5378046260427883,22.763911103710207,2750.698374126584,0
86.70198709196603,0.745987198502938,28.453780461836352,3253.9857086003976,0
76.34296497247793,0.5781497239460632,28.79342548127636,4065.9233509979786,0
75.79597862376036,0.4135714738059464,25.854282572782974,2171.1388849648606,0
80.54057771115907,0.6135620585491476,30.10832705851782,622.5773441681021,0
66.38296929743741,0.468332045406575,27.85408854886173,4699.9164269541325,0
75.30031479164082,0.637448498142756,30.39997927621791,2726.3106362342864,0
53.4761645539082,0.5806676402164364,30.607515049094673,3076.4705954427013,0
83.76455645502935,0.20568584345282664,25.22122821088678,4667.0571477587555,0
59.385067775581405,0.3995920367044973,28.006491087584052,4657.918281551315,0
90.03419828428999,0.594438522283539,30.38687141380417,2860.473033640868,0
71.6987990603355,0.5151657272145017,35.92149715578363,1488.0571236071305,0
72.88333018068823,0.39762440522921494,31.283595863978704,4985.568170063696,0
68.72266093915495,0.43664104845061874,26.690324100412862,3404.0854497676796,0
100.81600847464213,0.7503248837794217,40.218641370495206,2482.1304061429923,1
106.52190691690852,1.0693802928141847,48.78369386282037,3538.521101407382,1
50.1219134346492,0.7210689726015764,34.58353236294509,2079.1702513401483,0
87.76965386088187,0.5804933390732325,32.7376326521781,,0
93.38660516729868,1.0979497590890945,36.37901454839097,3360.6716418667843,1
62.929783521427844,0.588239708978998,37.19977020714315,4117.641879906236,0
64.24687606950762,0.6027479343352692,35.3781339700883,4200.88148911502,0
91.76393027208204,0.6974078687745024,32.83380190558829,4121.661688676242,0
65.54493120057269,0.5377263259342226,35.34321109795042,3610.9430623783724,0
63.46649489404041,0.48127726784931196,24.591744518679697,4274.388584037909,0
86.37314542364729,0.6032657516622012,22.488673738298594,1936.1478981148462,0
78.38552876285914,,30.78549325321915,,0
65.620744234636,0.4520035357287791,30.34340354825269,4212.2710218625725,0
77.16624975404619,0.42784309176599705,27.280449732433713,2490.8420784367263,0
64.74247316359723,0.5138856032430881,34.12926334913855,636.8801626392551,0
95.35640012996731,1.0336112069251326,28.345713096707335,799.4239448532376,1
85.61370964873133,0.5798091048661562,27.326138719710983,796.2119700494635,0
80.32006198821944,0.3575832399812401,27.575222275611925,3754.866298335529,0
78.61661061247017,0.6911606067063322,21.818491074502703,3554.2833673314058,0
92.61188124867374,0.435883507060315,37.47365503634652,1019.0934009244163,0
,0.47349350031114207,23.203993656683384,4234.617090548976,0
63.181258745791986,0.409734564001218,27.058299713461572,1406.4739776412243,0
79.49473912832306,0.7698328835937087,34.53989878902567,3964.9279165747375,0
95.86047049537115,0.5242070670287967,33.23022671714366,2444.02953867471,0
64.85240506814148,0.4149024919318435,24.459126517576266,3657.7434126928306,0
71.38537233306015,0.5863923549962446,33.41244604630318,1906.9383153678293,0
79.16446038101452,0.5769135779310033,31.44892239329111,1735.7029854738798,0
74.4609515099426,0.4812272976420116,41.66517781055734,4206.797994796661,0
65.17696419622686,0.5840606712783383,32.019702080341524,176.51127257034827,0
86.21857856230471,0.41747080391691355,29.29379089465734,4873.684736287537,0
98.2004072201726,0.4507081725050748,25.717490214402886,3240.8977913268673,0
76.96131459023907,0.29897833454339373,26.278783165222144,2162.4169409972105,0
65.95931710264,0.3676048915780437,25.87115452265921,3140.272655752126,0
59.51039474946525,0.6807630805670686,36.85549406955961,613.704732294914,0
77.5797598122118,0.6641428627722314,30.089849575082354,2570.262276467738,0
99.09100553757727,0.816086839183048,42.02014335077517,6229.086932745305,1
79.75167746495381,0.6662931447189837,37.57123799990443,1176.3471892335342,0
74.97596159081147,0.4839925513391695,18.207679288962673,3611.390495181747,0
69.10728348210694,0.4756589697432092,36.39436882350188,2174.856879158503,0
64.07836367281911,0.5056510648465556,30.27698455891667,3262.290742439768,0
83.34751326324883,0.48750784046764345,32.17524185820222,1024.4361434588773,0
102.9043018856307,1.1632177529284826,31.084700990902284,2857.3137085321405,1
59.54270213309267,0.6143398107149552,26.22437800775741,4900.463569296376,0
90.89838978180684,0.5150135653956203,32.44422944906494,976.4357550800479,0
,0.5712481764433804,41.92298900165735,3182.2251392437856,0
88.99594645145794,0.6031380525277331,35.01656656407451,2877.988743833977,0
80.1811050316291,0.9749114518644879,40.82948735184337,4169.536617677506,1
61.34175844584561,0.4029728674091761,29.0399936486929,3075.6164482580857,0
73.51030690232703,0.3647134111035961,26.99897887707186,2511.1898684411403,0
80.02784426895194,0.5148780634807305,26.095975242105034,84.65375128829,0
92.96360822926964,0.48287436951750656,27.55863137651656,4500.484057315589,0
82.06078913815132,,19.736087834147373,4134.894137420154,0
72.57318723187967,0.49839459607514136,26.375403285541992,870.8384046056067,0
64.73630792334107,0.7583573660166567,27.198234219700783,2066.3658868943453,0
87.3000057271915,0.3669773744358662,29.123209128025795,3852.74490346784,0
83.35303744245147,0.7549014011216444,43.97320524761632,6402.641965053553,1
91.28468554772321,0.533237683351961,31.812254343128053,4755.685232208933,0
72.1561535039349,,29.9253731377852,4496.7959983808705,0
108.41345294125776,0.8635176296510068,33.968204565846385,1055.6588187618615,1
81.78931290059279,0.5583883022284001,20.183206783672397,4572.375530045024,0
73.63004510557542,0.6284104695178898,27.12345695799103,4392.224564755397,0
69.80603628173873,0.34927741796160616,25.137746811564973,1884.7495558319476,0
71.59092122653921,0.4443282102142837,32.33033374139302,1972.61297268131,0
79.28316692375238,0.5428761258880764,34.54643698346847,2299.5446097758036,0
75.77156496217717,0.5770463595687226,34.6928553352997,3280.878154832085,0
69.06188591931294,0.7193449550288386,33.7847636806391,1304.1780799150788,0
73.34368589682367,0.5955703971113867,29.332371322737558,114.74214719972342,0
75.7857702971915,0.49432114041137226,27.39022217262052,706.1476229862112,0
53.71265905585188,0.41095642470573385,26.26448623166467,2200.5795378838684,0
79.58168114788698,0.44357101472809807,22.46250541699125,1410.0128471310093,0
65.20278775283194,0.44072971770428937,34.95926850253929,3822.5828051806593,0
63.46667596794255,0.565523362851376,29.12644481035013,533.4503527463569,0
76.28686589419141,0.8871516585755657,36.97124166704558,5594.297141005585,1
57.0610750213211,0.3676350429157821,25.867543121448826,4476.635899719556,0
61.44552496887711,0.4564098530909567,25.66513271783724,4543.78408466644,0
67.9097904236951,0.5877547553451421,30.215122425075634,,0
94.53259137526568,0.5351662354974059,35.33733925535343,534.9998574179965,0
69.74120324104796,0.556864461601277,28.260052252022085,2190.6878568478337,0
76.77750106268032,0.5382921710057263,18.737332426081753,657.0268590273188,0
79.00481386506328,0.6626430734608859,29.0540983242054,4938.495963805413,0
76.3106518621585,0.523604306382437,29.219030499514023,1665.1921169933664,0
74.22556539274007,0.4613977202129302,28.87539884532239,2926.6527094503103,0
63.04706236400755,0.4084244958866439,26.86269416762149,3896.965271221109,0
89.50927548279212,0.5249609458209712,31.087195403629213,4603.0804211282275,0
93.07196643637886,0.2559295985224916,30.330705575745007,3777.7386292068,0
75.96651051615616,0.9283562167487304,39.29225418678112,4307.820596231959,1
64.7597140911362,0.4794160140078656,32.063206807214826,2329.9089101907566,0
72.20189657622994,0.3635529146382719,27.850835884260732,3027.00066875262,0
65.35462205089809,0.4071734161344004,27.567071651496732,470.8190442641491,0
,0.5809657530148241,36.900616447927,4419.6127098063125,0
67.71727797593387,0.5230711749074962,32.796777048577184,2718.886544199427,0
96.65056067806603,0.5101788333707328,,,0
86.90548594343596,0.5306347533932023,36.130522926670345,4599.5106282994875,0
77.12574030632214,,32.629720903124,2446.5098691843436,0
85.26986263319732,0.6242862562858315,34.641943395680855,4342.945707805009,0
86.05900424357309,0.5123429181703649,22.103274189648698,4284.439771026785,0
80.17434904546901,0.8907393652431935,41.848095921776505,5916.862349748478,1
66.83782755458036,0.663012996487441,29.08640769092836,307.0150964767804,0
75.78143062969647,0.5370340267328846,38.38842045449905,1235.3332271210443,0
83.61636124497944,0.4410746269204932,34.6382276590165,4377.739362327154,0
76.39060398653417,0.37465982817049814,26.8477740460341,4494.955280260469,0
59.23003517809003,0.5395914220958046,31.86397079264603,2290.3443118440305,0
89.16217196847764,0.9084794137642964,44.06006591569041,3080.5597387951857,1
74.26027136405622,0.6574146786032409,32.27165716576114,875.7031694307487,0
74.2433439567417,0.4654092719333172,24.90578765312674,4842.053943455757,0
94.72542176789808,0.4162619210317533,31.800082326191127,1065.692376795216,0
61.14012057601002,0.5895796218235929,28.85924325355883,954.6839217538278,0
80.05589241835875,0.5925281892716832,,3303.6448507458717,0
89.8911310832829,0.5168651367610195,26.378074174389152,,0
97.71449745422797,0.5676357047674908,27.074684143017002,4693.858055071949,0
70.95602576816039,0.4962312879257762,35.86921010183352,54.534976588974104,0
79.914294527202,0.5233865101009247,24.742262208299195,28.766311616506556,0
80.69760357198646,0.6164990882563923,25.111227994789758,2524.384007177998,0
76.9548173155329,0.5625318334021503,,2440.31229956736,0
74.01154798760695,0.48307255616673755,26.14054812407023,816.8201095045524,0
79.35975389500047,0.6352362545926151,25.574856838686006,2472.5978148514223,0
49.677539147803145,0.2635144627208488,30.525379856041475,2058.305525849932,0
81.82069490062631,0.7052073311421935,22.474670715481476,4451.647626711844,0
76.26177903661967,0.32940409051092645,24.96018882543181,46.26960108481737,0
72.77525103221734,0.4372907175227704,40.27047791461822,4881.349025164761,0
,0.4959082464804931,32.29737529484505,3121.963821479212,0
68.25065981209448,0.48535193292718387,26.267183238650446,759.2172282263782,0
70.9692401093497,0.6006411040026555,32.09107539133099,233.80006905583116,0
94.91553302204734,0.39421633813897655,,2690.5282927961593,0
84.64085977035032,0.809263289329071,,1471.2306883279723,1
69.4988471706346,0.4421787901780246,29.36421985271635,1505.8276850062962,0
73.5297457656915,0.5295140979337417,34.882488513864445,1225.660824172568,0
83.4073448212955,0.49352277402021233,19.807767375589137,3250.8615678625542,0
77.07802507353314,0.5092935652682978,24.718459347621234,2767.6448105806676,0
62.07374652847737,0.4450075167535654,30.819357008682278,389.8721176090575,0
69.67831436872811,0.44899360499039176,31.648167664038958,2632.632665875877,0
87.36503999722862,0.9035835761553933,39.71956346380537,5237.201018095639,1
74.22778954776955,0.5943715505756044,31.297099956315797,405.9729541016216,0
79.25843658629829,0.44017206658021524,26.8807987565637,4448.6948811521,0
79.18205755887972,0.413123245542709,28.615204528864172,,0
57.23988245951598,0.5613460165671837,35.123869003325055,4753.1223463515835,0
85.63940987560856,0.49674961069423107,34.544687484442996,740.7060886118783,0
77.52568845996623,0.5830498133985952,25.014698363183687,4967.824996766576,0
88.84532047593906,0.4094202786628852,24.713742689899483,3221.364329848384,0
79.44198327290673,0.3220561074576569,27.94413302223342,2837.4709974053144,0
86.01322957735762,0.44669959181736657,29.866268494135376,2576.398120560427,0
79.66545311450128,0.42336473907349836,26.710507557126295,118.27186549156377,0
88.46225756202747,0.49212115999197004,35.20321221399834,4698.19595774789,0
80.22250636017779,0.43631547857296105,31.736949208542775,3219.9723642709914,0
94.28977316498732,0.8977168288602491,44.07009457349039,665.663325867414,1
97.72434720446881,0.47118497375774837,23.667305855275142,104.76085147262448,0
83.89037122279892,0.5150474498773902,35.8364535869189,253.91819618375666,0
80.73744421004413,0.5157634558440944,15.899155888796546,3046.9788171612036,0
,0.5194955092412188,34.170277259246845,3070.077074472926,0
62.11692382536462,0.49758708895450265,34.671558688353855,2498.3364589072053,0
77.92715482141854,0.5510600690410313,27.837994063610193,1533.8291032647578,0
76.45521197768241,0.4204344866174192,36.36455108623712,2658.7136580732067,0
68.85877434991684,0.6399417926653883,29.68451223522827,2581.5091043812895,0
76.4098269961206,0.4763462616631465,30.312158516637215,97.07779938282812,0
90.88626928043595,0.3688450862101318,31.69764393702108,1412.3461516374903,0
81.95402474550299,0.5188073356991774,45.93287455905528,265.92670733574744,0
63.589914902472614,0.4148819517552515,36.722169540415024,4500.7737572382775,0
73.88491172857056,0.5665334534508875,33.50565600356459,3626.1158139256772,0
66.9503351914744,0.7209605576042377,25.435977566994026,4980.575850964561,0
71.12300083591438,0.421342790844215,30.71794912739746,1510.8563165264393,0
70.86384334370358,,25.93437953076807,4392.429238784552,0
70.22354417395995,0.3244494411295372,34.11055423641407,3015.2713396624085,0
62.44864628026605,0.5453905229441347,30.702334878674282,2265.6270345180246,0
73.7234531848181,0.411428620020031,24.377391601930523,1112.8655564431756,0
69.3939236315269,0.4375165381565518,30.405622917092515,3691.960826430714,0
45.705513099977324,0.3898713510160172,25.752912651418473,4520.7037445215,0
95.52972024501663,,30.756081106687734,1176.5419903768536,0
85.88769654216672,0.6007304357473262,25.704613418173718,876.9516748680628,0
71.23699275075003,0.5023385214658508,30.137438166804063,3481.109575024335,0
75.18819049740598,0.41355732946642804,33.75234930967547,4884.865813627595,0
63.28345652682438,0.6589523036103863,29.73474004037447,3749.77550552039,0
91.95722877810866,0.4249589872245344,28.045558664138056,1422.9036952382446,0
93.97288694773111,0.2837967700072561,31.016381105287312,2099.7771207389283,0
76.56693728246525,0.5458389009957069,33.485913103964265,1921.5881772918585,0
85.23530644185345,0.38952253263584835,24.4640836505912,4260.475090235227,0
76.75286778933923,0.5988608793499175,31.303280773526012,3856.8538943611193,0
61.63274561124069,0.46188623033265813,36.587704095087,2944.8771738076007,0
70.88176631036343,0.5603713240544196,32.86828481638358,1374.7955519845161,0
103.21521456464353,0.8054104700138773,40.063972874466515,6952.155806061879,1
70.45452281256556,0.3791141135379278,33.19868753349447,3266.576123845733,0
72.81346722564965,0.44340628691075945,32.26248228051341,4852.383232208912,0
74.08600442490885,0.49243289273429364,33.76800554579907,2900.5851652101537,0
74.19121502134539,0.6537551319034344,19.880341945085277,4105.963791818071,0
75.52258490497483,0.43416172820595544,22.232719331683676,4065.526896972634,0
64.39394933603398,,35.024145747416185,1686.6438841679603,0
,0.5478140575555809,22.473604119192796,4820.1036147861405,0
62.15415734300031,0.4422771274289429,32.00769317859603,109.70733798781995,0
109.33396988626023,0.8287820954337648,35.71524910522061,,1
53.943530581596754,0.34484625790318735,25.019053772020015,4827.78542882022,0
86.53590343316925,0.7214329942556597,31.748248785737367,1694.5410164186142,0
108.05612988753676,0.6340126639835201,45.97171619258286,4818.898688321582,1
71.97819413017379,0.46782472960097915,40.55171326048189,2811.116249221053,0
48.96862912172701,0.49675189641579054,26.875943977320553,3807.5365483826185,0
71.38689438032709,0.6912688134356796,37.20055060034587,4330.889608225262,0
74.35815838711181,0.367515421906726,31.762114571921572,3015.2228464977397,0
64.89401780071087,0.6983704135478751,26.694890592286438,4079.5229319072846,0
69.84781606191757,0.5757176821102022,33.996232287586224,1561.427879446276,0
90.30195198863352,0.5417095324423246,32.828692522269755,1142.9352935240845,0
81.64927162301741,0.40153663129820444,30.179216474290246,2153.338447664201,0
65.754358856219,0.5571141242038073,31.33147678220312,3388.682997903916,0
59.02400830404568,0.42765133775802,27.01506484477234,936.2347446936182,0
71.72982682390229,0.6266661253198412,25.871064373727464,3401.7609607594572,0
89.52215540077887,0.7899297261646663,47.43503202898738,2574.768720835627,1
79.96199187363317,0.4886841505543916,28.88030287843363,3977.87636946316,0
69.64683287432341,0.4444726911986828,29.599585008754538,184.17908551651652,0
80.11499575361862,0.4012477037573005,31.399107979721386,3339.9131891469724,0
94.35154040060229,0.5741319816907914,31.32644172391904,3249.1116832498383,0
83.15501022444262,0.5535458747409634,22.853367645129676,4704.677380626572,0
74.51911492669227,0.6209010198900997,36.43126043227429,3566.8377678203524,0
73.16849528946705,0.32201248917918324,30.60591075950339,3981.509482116406,0
71.43326865820129,0.6064170702341044,28.986733685889252,4522.955079265842,0
86.80640912452145,0.7505448905356894,32.15423002584873,3375.259591459939,0
68.72686554048697,0.4548358910823053,31.182710968074314,1450.768174799873,0
75.45222708999982,0.689514861210897,33.83531344744851,4348.868997917611,0
75.51197901881085,0.47368387279401736,32.6899183607547,3737.8905973798755,0
69.98215807188468,0.3627590262438693,33.58923114498133,2122.1880200044675,0
61.27534452115899,0.4694367557593204,36.75496952863758,3552.64586324981,0
78.22974503617668,0.6048203967675276,,4338.44438590571,0
74.38996028144616,0.41618235176684687,29.197568898357186,4878.260656956358,0
80.0024046943657,0.43996613409935126,24.385494219615836,4761.7575197952765,0
86.86817519488187,0.9130156724245462,53.26249339343989,2231.2010038880912,1
87.20821298813048,0.5003060116738572,28.811383133264435,2108.468568590909,0
66.23226218788156,0.5584622952486741,27.634462933197387,547.6830248868564,0
92.12040284017893,0.5237829540758336,21.316365911177805,1237.72143509023,0
57.52363490171739,0.5479625319551573,31.692365526560557,4412.1060424347515,0
79.3477006455689,0.4567698814190459,30.744433019768852,1804.249631396795,0
79.75430682526624,0.5231730942030393,22.424425318752597,3102.7632929744054,0
67.04442932059118,0.4072626994304066,32.266370210665876,3329.8280915351665,0
79.24393937861012,0.6288433622503389,27.509040396492804,3909.14637571656,0
87.7951866976016,0.43657252831826865,43.45157503644347,914.0001512281548,0
52.831811606459354,0.6128847487549389,27.15319403954566,1524.0656730721773,0
80.02744807490815,0.47663930390171344,27.824033339011034,2241.681707290903,0
70.36655194967088,1.0162245793222735,37.75695449625639,2591.5446222134415,1
65.34335196476792,0.4505035449109299,36.38938260520986,4914.526164298449,0
91.29166364900945,0.3984004568831971,28.136121027676236,4174.704016068562,0
69.18217966607946,0.3255239612394698,26.375429231172518,2398.43377310243,0
82.70810496316619,0.9358205646503388,44.51896366181065,5737.383520562532,1
73.02062271015318,0.4676091146784078,23.098235322934073,1738.264737916484,0
115.4581403957521,0.9885332287144832,45.30005682725338,5834.581851756297,1
56.68317752793974,0.6010379313283264,38.90699858300429,1118.3779905322683,0
64.48690088360655,0.4554242540203151,32.833039164175446,3861.6102261318297,0
89.97431683179626,0.4118039235732826,33.18949158129963,,0
93.57702343537733,0.35572852139972877,34.35030108453742,537.4966049612118,0
73.96568775709716,0.5480063617904104,38.54854014337759,1366.3122727779114,0
62.60947297473358,0.6383194515329343,36.04946980009552,2011.3731201178232,0
95.95843501809159,0.6266330267956288,32.19834861136512,3746.4645583221854,0
90.94442391749197,0.5709932748147237,34.51945700318001,364.9135736547543,0
81.78946987762232,0.5638543317267599,25.570325372674446,3297.7349754631978,0
66.8759765106258,0.6697623779709341,33.88146795373661,3580.068204664218,0
74.50970659161963,0.5332081461416811,24.972220144081263,3269.606849628757,0
73.39639918955169,0.5646129676024172,28.164887906841866,3803.348190837778,0
78.30851304615578,0.4679216138148001,14.587189124283812,890.8430801141915,0
89.51001438131337,0.36379566291452425,32.00714829683731,2935.516775315187,0
83.79417041137403,0.4316151099500424,26.780639944458237,4705.7247360194,0
64.22623923015242,0.4990840961465345,35.55572607602231,3053.9213490226884,0
88.76496450019538,0.5060785372501303,31.950963053027014,3056.681734764765,0
99.08693569888958,1.0554284914340295,45.28982764174131,4709.987583167217,1
81.87065795858916,0.5081277167591068,24.58201727663731,1666.021160629295,0
89.66540859278604,0.6178843444025643,35.191930185798164,3502.3795066077028,0
63.88419750486449,0.4564922758423684,40.52928172181663,4581.169166566076,0
74.64174421293536,0.4688324114234766,33.82079149965947,54.47736512671497,0
69.68545448640785,0.36709923627765517,33.95174504346144,4350.565205544327,0
84.09399880597772,0.8668786128437407,40.4451475812419,1485.9567616994245,1
78.4670997760492,0.5526981391363753,27.37665609717318,2279.616368501876,0
,0.5007560180394133,33.80596186350754,4261.73900476319,0
56.59922255494247,0.5942938619897233,22.469585447989658,4119.560637283145,0
74.67719388950529,0.518125394834505,27.911224375395918,4459.63739063028,0
81.40542935074774,0.4647546268362258,21.14471598831409,4702.08396316263,0
76.23078201656182,0.7148296863786959,26.481718113424584,2235.784783858793,0
73.86871947484259,0.49060964312869526,33.21022545946781,,0
62.007836365541756,0.6163000969705305,32.52696688110232,1952.3922026305336,0
77.32786742940164,0.45987907934553224,30.254568477677363,1753.583587460829,0
67.43236022984074,0.5709599479383567,30.852004970310052,2157.9770529883476,0
53.100782950214466,0.5928015659151686,20.570676910678955,3715.3806739133797,0
86.94592220513731,0.520849197057558,28.137188597145425,2507.2037357077643,0
84.58385819842043,0.26455170773033976,26.59324196782395,4070.2983722417102,0
75.5166097685108,0.5018252460856113,26.704701547427295,3726.0923859807795,0
98.91613059798337,1.1844574563854255,42.6331605858118,128.97807942886604,1
85.74318012715561,0.552748083302773,25.697463367473446,3151.190785530808,0
77.24339656778082,0.5445838875229246,26.976595749362946,2182.8556165429554,0
84.04017554761315,0.3277743066042481,19.56465377145242,2283.144945755708,0
72.0251779912615,0.4279544929324941,28.529384098119152,,0
88.11983738573946,0.5411357631151439,24.560812261431902,2738.039930423384,0
78.20785725932684,0.5410383276786892,30.39601464344822,4428.109117294735,0
76.94051943605874,0.6214666780132903,25.244459766287676,3564.027961958452,0
62.29938911287968,0.4855133244853906,30.522711227746083,2764.200043820264,0
77.86955854301709,0.5405824086673814,29.276571196288284,3772.6898807555185,0
66.68045082505549,0.5016374241931294,38.360208865211604,191.7452546270365,0
68.61717273471506,0.4013057263498443,32.48608990226597,135.4182741410387,0
66.84624371683879,0.27442086689052525,20.801810637188485,416.7466346042603,0
64.33765068100774,0.5431009692130077,23.67555577948646,2187.826625735713,0
96.24771403016962,0.5173947208412811,30.276040044961665,1177.2507281347155,0
88.31339061988403,0.4381824957899831,25.350760258036747,4921.3064720789225,0
94.20367502144262,0.33808269434841354,15.15815784882074,2711.450695056835,0
62.77104980444436,0.5629739514408738,36.747731569168714,3312.0787304057926,0
75.71253749910892,0.4734079925804448,33.60112008452704,1394.1006812334833,0
62.06492374795904,0.5556874722368146,32.60488436745886,1608.984542938044,0
68.04305122802936,0.6864048530411758,26.963384772645426,1677.3095707057794,0
65.81873016583425,0.28585691196802954,32.138383855049646,3493.678525751503,0
87.39584006441561,0.4300399191297636,26.47819837889559,2368.5310384465424,0
71.0377032189824,0.47906243866880865,31.024286501088454,2588.418262650372,0
85.68379333694017,0.6454826174146651,25.397083870817614,2960.014910796727,0
100.72619614110215,0.751116427534841,49.86828502563231,4782.896213627781,1
98.03638752104789,0.6935861025680605,22.148816729590777,451.8487425623907,0
77.82884505590836,0.899489236625379,44.75951621690835,5628.796017720885,1
87.59233239786799,0.4903999338266142,30.194579140086653,2816.175344375899,0
86.46440870400727,0.48019402367810937,27.552665023290047,3345.477224276286,0
65.26621161972966,0.45637369678199713,30.83501460847869,1637.7588242038098,0
85.0713333647316,0.6048116759269155,33.6667400358909,2046.9341840822458,0
78.36144963026229,0.3931479245917561,36.83373368347198,1155.8290982696012,0
72.72523740046593,0.5345414181643854,31.56571511566766,4896.499987087026,0
66.76064513028001,0.4615818334293024,25.546519573688613,2485.0148625515835,0
67.80890548550813,0.4237866551485902,30.278150618828942,4980.384578982989,0
95.49812095785926,0.7585975175683897,39.083966183311865,2448.929890306332,0
75.00682818957483,0.541905073475346,36.73839042756312,1098.7563219203366,0
101.5606052697583,1.0729406557592078,43.9377672346967,3764.8935502309623,1
67.09100618332447,0.6137776780668662,33.97843510061193,197.977858995389,0
67.2014705377836,0.35786500546814526,33.497250453032706,4523.849007109757,0
103.46239159010584,1.0864276232310155,44.98068138444473,5836.842245953123,1
61.50423788448468,0.2491042821504924,27.716856071390474,3629.1026034714237,0
70.84786232094729,0.42312335899614795,23.224569671124968,3049.1335772123,0
97.02535100372918,0.9295428050151404,40.667089456447016,3763.1987339649336,1
76.11372601840053,0.5581723364970506,25.912092066111544,4983.641070397314,0
90.8447138398217,0.9155513731689251,31.77951917229547,2081.526480759282,1
78.95819781095923,0.48331852593016067,26.39860711706034,3898.4218268278896,0
81.92855755817811,0.4988002655372276,42.42656962266843,2907.023851068287,0
103.02566470235774,1.0155574256018243,38.07736697631693,,1
65.14196191332174,0.35027676055158263,31.80953918180494,4139.015916491262,0
72.15844902071203,0.572651162233606,23.88818596497873,4992.6255649479635,0
86.94762861876937,0.5693706112536185,20.78123520603685,2941.624972312232,0
104.85522457953171,1.0885790724472797,38.51858969006264,1230.715584817857,1
61.27140548518936,0.4209982903184792,37.19097792604374,2518.435178473669,0
78.51479900352201,0.5692815210300922,31.671377330382604,3555.555670252873,0
55.2177475062519,0.47162932716352685,32.99297545722196,3871.8019309079405,0
75.4693490206037,0.6190474985193483,33.692830196010306,2.5499450797178413,0
93.97767016745976,0.6021962776678141,27.04325310100861,2525.13544251147,0
82.12945423035649,0.8790617864784417,43.76609607900847,1447.15432649953,1
66.65676954508417,0.46604698433340136,26.83596200388909,4374.559166273942,0
82.6402978157286,0.5960932178608261,37.031161796312766,764.5272202511427,0
59.571984847903536,0.5646904523256566,32.211510780676704,3332.281247874167,0
68.67244970114962,0.4315559597913817,21.054774228768387,1330.3109516246243,0
96.36295312249685,0.7856130652792166,36.49662598028675,2261.5719177216224,1
101.59355437522203,0.695624712491725,,6363.357504998374,1
72.64030012789028,0.6515413815348209,35.81641066397104,1202.2406270403974,0
82.44185710315034,0.6146487158733038,29.876322895987993,475.01380911465327,0
95.25925344837873,0.893058192591431,25.407296499836054,416.7047516930715,1
77.66818396295402,0.3832242584100079,31.87873440859829,2523.075550497311,0
91.68618978004868,1.0385770267376435,36.531820125941216,3989.240015929964,1
78.70061115268956,0.3864364095242171,22.580970724833385,1636.468217854436,0
73.76267319900244,0.5509295323642008,38.389829184843485,3451.298708965404,0
79.57805609925785,0.43839287846636765,30.536429330482893,305.16859286618904,0
70.03067974882022,0.6617044924521682,28.532842988433437,4286.673224614384,0
73.17431025620459,0.4229575200862121,28.002876095069915,4082.836048696189,0
65.10042207447987,0.6143361530205829,22.43360265421114,4927.4813569604285,0
74.64992389993765,,23.47725550207945,4682.524904509227,0
66.88999136371154,0.5252194854234287,36.42458392437542,1780.9858195946404,0
63.85953549838007,0.3029691418648599,27.630585651071407,,0
,0.2797086646794281,30.110338504684318,,0
77.1273977585766,0.4779434059732686,19.778347618994626,670.413859774916,0
101.96535066433907,0.9870857381293211,34.97821944930964,2048.6469807932554,1
70.68874430424901,0.38748021722622766,33.04906259937376,592.7046848782413,0
79.08052846836756,0.39113065895236576,31.888558800569168,2274.432245364157,0
80.50797572273663,0.5561472629826133,38.76687599362158,2760.0213994265882,0
79.44773807831595,0.5562854480457131,36.714781658156134,1055.802349813762,0
66.74346317197858,0.4862258939612073,28.846445137575884,133.158434570525,0
76.49363482271188,0.5780201721186076,32.36476782356635,3596.7791587526153,0
78.64140296054661,0.38257977042798536,28.41698278548463,100.02582213084254,0
75.07178466907942,0.4644065082913029,40.27404909319324,4867.013044641781,0
54.13522341628915,0.6647877605783673,35.745073480262,1108.0362837119774,0
,0.5068322129939817,30.848425454288755,3319.5004605814556,0
97.12531039397243,0.5126312514586999,31.00197392438176,2173.7586311999457,0
71.39960731243018,0.730594658596774,37.22425143629904,298.369301685536,0
67.7192290214468,0.3600657834151229,32.89788923556924,2360.9180331723373,0
78.73348559711398,0.579643036664211,37.79314008535043,2583.803171483998,0
78.12378210466572,0.66639862798081,19.031760368705633,4273.416040464343,0
86.92735165416414,0.46751420735014537,32.30614130749399,3661.7453482394894,0
62.42131844091112,0.5859630786854846,27.422825676593074,396.51237376693183,0
82.31380252574992,0.4017980502789095,38.78188993813996,1045.8134171613253,0
80.90422061251464,,37.73199343594915,1559.4384210747387,0
73.57853463059453,0.5384966416047634,30.164179045506533,582.0384323240974,0
78.3868731792169,0.579856667311059,37.678154894055155,2284.495354572453,0
85.29457481598357,0.6120936512406245,38.91557259996253,4921.545954312678,0
83.7231538002845,0.6569628586939493,30.372033359630738,2573.063956188808,0
63.569806879262714,0.4932553441444818,42.35966886215929,3709.4108416158465,0
83.20158186755485,0.6193611755172588,29.84329423665139,3414.688988496731,0
74.35311394967482,0.4657695156550851,28.927395248320455,4249.55717546069,0
75.72874098015515,0.5902091311588268,34.32936294292172,1078.6174523280472,0
75.73196991001694,0.5207488797852182,28.23104634428843,3769.131308465141,0
73.4975701120174,0.5445677907081924,,4406.776201528747,0
86.91707497107065,0.5423507874022038,37.04717212025455,857.5491149012138,0
74.16282040150789,0.3395294990202188,30.096094261086353,1734.0110989400187,0
63.80453871616831,0.3875878141139227,21.524911035123463,4850.508821657807,0
71.06470144030271,0.5102541439817523,31.836596939245982,3903.9392298989624,0
76.78694716810476,0.33127209203588315,26.518532104738025,1412.954162687662,0
87.29214784297051,0.5831211103199756,34.32635578647273,2819.708848222435,0
104.07175649664953,0.8969513184988631,49.32064034066021,2497.453361277181,1
66.49464721252956,0.532717055287779,37.35700174083261,2449.8258816356492,0
99.85189916678891,0.3878865987242078,,1775.8309569535425,0
77.6477531097798,0.6380138938868515,35.451221418290324,1396.655092651703,0
87.75390737999015,0.7037210639718358,26.654516199311434,3373.815206957094,0
73.48285566422771,0.5147076827445974,34.019932479452514,3892.7090754305877,0
80.3335924470545,0.5510535378451237,39.84225644680145,4369.785613736724,0
83.39468504518405,0.5201738654796044,26.556750456816165,776.6498365909403,0
87.18194711754256,0.5530369188998799,38.99869145863549,4114.277618226203,0
108.14398145814684,0.9949570679447903,36.02301902814562,1826.8567485528527,1
83.72197000072978,0.49654357601561966,25.74014377475013,2136.681949550253,0
71.84913268805892,0.5905717600497365,31.48100221677419,4507.218429246233,0
69.28253958043939,0.734562416189644,33.57955208064405,2272.51800491301,0
78.32607510324198,0.35999287655982615,34.55875061986133,985.317670221581,0
84.33128072341069,0.4896187515597033,25.19118789613399,799.3432761855889,0
98.03155149203081,0.6754371449036223,41.2660033708214,3481.738986638938,1
85.65171965714387,0.6592024898576083,26.572227142582474,3813.3621198827705,0
89.52616745486179,0.44122620306801014,22.555388719647116,4986.025719871506,0
65.8367908092658,0.3556799206214206,25.356318422336077,3937.0431421545095,0
66.6307929620372,0.5638186998848573,26.24549817022091,4385.059794714268,0
,0.6744311114743111,32.607975801762535,3739.16180467444,0
78.07612668189196,0.5663597868560762,35.761068315343344,4477.17550378053,0
69.75432986232948,0.5204797877281917,22.633966850623665,381.4677165695662,0
88.52202678867144,0.5409140922775993,31.75980537104028,4649.657994908227,0
79.24066861518452,0.6414840662825555,24.11650907114547,1982.0307686282806,0
75.3944704824074,0.412580072998585,33.14542704507,4608.071116402223,0
60.64090476131472,0.4888152895913687,26.88634709498126,378.66418729737785,0
61.84184183572493,0.45473098514904664,24.743354909883607,3576.214785605679,0
77.81009250281807,0.383213469270829,33.99832257673788,3678.4437433510225,0
,0.4671624740583198,27.065386972774526,4984.5544464888635,0
85.12637409644071,0.6107721095982449,28.42018024323651,3844.2763534490687,0
73.4184615562768,0.5566602148392725,18.900054562218116,1912.8685290780334,0
107.43092969594733,0.5644310500108201,34.73275680711737,2786.242758092727,0
98.07916250616111,0.5146475611653318,34.10454260584554,1832.7546908329512,0
73.18550930752484,0.5523323782728589,,980.0932265242907,0
73.93662997468685,0.41994096576518947,22.362095293221206,1242.5116375113676,0
84.95581514002029,0.46904901140727706,36.04684589167381,,0
92.03172609918037,0.5192004236968677,26.668683068196046,2744.0766508160646,0
58.61970942563983,0.527751585888189,27.73323274949706,4530.803172659466,0
,0.5320187854921873,41.560220281797655,4563.633130441988,0
68.77965194445619,0.4861664717983622,26.481817779453852,273.8188876291275,0
80.82737583173865,0.46225765988696704,33.7110498121325,399.4970047594676,0
79.96873590507597,0.8157771283044298,,1225.5952858617175,0
85.69771454983851,0.5906787272932399,31.950860964400427,1275.2972623473747,0
63.003024716346914,0.5413147475952622,,474.44587619625554,0
51.83856137031123,0.4766791501793606,31.881942809445995,1942.3167058672025,0
83.58014195302145,0.45487811730561234,31.3597029547027,2938.626963456436,0
66.71803727034765,0.4869199406273044,29.740408206119696,2890.811002997318,0
54.81512135611362,0.5292828843586683,37.55641562055371,2717.1484062929635,0
76.45063745959382,0.31195644559369184,23.436697196003607,1693.359624437486,0
82.93175688218678,0.3430610404625316,35.10729052007688,3532.278426582903,0
73.77942867878723,0.43631176110610426,,4132.419704905356,0
94.36591404379617,0.9078219728772379,45.51896921990688,2224.412145419435,1
73.40637767854093,0.47607268528481483,35.584897138200645,,0
71.29417237599218,0.6478121226099485,29.537003023658034,1481.6512554592825,0
85.27289003276522,0.6672079821418853,28.29860506049077,956.4879628454711,1
67.85319323009568,0.42486545303966294,29.638536701427572,2336.7936361359043,0
80.21279905013814,0.6520091740991101,25.044028911877227,779.6757565803913,0
78.216785413765,0.5131119324675146,26.34070395070968,2314.223788289886,0
76.6805980596682,0.5884842582801159,,1105.0144616232387,0
65.0485151814662,0.7051246943269464,27.61327570778083,3693.655527312015,0
73.18496837864333,0.43061955820981773,27.016881530082756,137.84120417922819,0
53.22934953557145,0.4900685662207968,18.112150850364486,,0
76.7847666388539,0.47275730990691284,33.50110955641144,847.4413746002834,0
89.28857707813567,0.3045406995516724,41.10160929002441,,0
60.25867867957894,0.4689603196244031,33.03118596748144,4346.0004403240355,0
69.14072326682245,0.5881062187380666,28.98538021732886,3357.638939070338,0
78.2910677871013,0.5540589541812241,29.72626802161892,494.71411025261705,0
87.52842634427483,0.5619083169388011,27.89507065993412,3320.361838419278,0
70.51775383699851,0.46244910193605004,30.45020791933479,3058.2366636879924,0
68.07749670734104,0.43439027639943584,29.814959529633832,2366.7834352160166,0
55.31076857583917,0.626925567189862,25.79475784800853,2096.29049212807,0
76.03438129308107,0.450268285364233,38.41444194473915,4435.348814578674,0
95.42076040143743,0.5294082038793214,22.564228821451145,1225.7400994872564,0
77.77358461964675,0.5163334680677538,33.59165771597123,1991.5502850669166,0
95.23230252552102,1.0343266959791668,42.48278607875454,2457.3216838878207,1
78.22082310766986,0.597141235767236,39.50415907532872,3856.0051451831678,0
74.88907996051398,0.3704741379332879,31.704322996241107,4582.326531162697,0
66.8698562773987,0.381244683322496,28.200472314083758,4248.908493701152,0
83.23279915677705,0.5578909818069134,28.761464007827513,3988.5196514988424,0
77.25761523111754,0.4935662352620834,30.199533472598805,4933.949727850415,0
75.17613251933658,0.4544828216046236,24.286046525017994,3485.722752051926,0
65.2463397272175,0.6015627883994471,26.165652374410442,3755.268956067669,0
,0.518745938208891,21.075280154040712,4914.0126985250945,0
81.6470274533311,0.5052457386889444,25.38511550812953,34.95392699587041,0
69.47079162632699,0.5779828640755049,30.46953240830225,3170.241882181825,0
85.01824853681937,0.46248910050564357,31.500875246422606,3694.857659766448,0
70.02429161614793,0.6568518985472555,20.10335152501799,4589.135268785975,0
89.58468326626732,0.7604584758643617,37.06021632247588,6609.633193063383,1
67.40296882519714,0.5656929066342088,32.81704975411066,4209.803406168971,0
57.28931446911909,0.6433832838659845,29.185439033118822,4728.956359708519,0
79.71542380418205,0.36227045107279,26.831056771110998,2686.895939568538,0
56.6885512166165,0.46566648241475506,27.939194274758933,34.600477924133784,0
62.71556168734237,0.6142207392885558,27.29618322511389,55.27199348504763,0
54.24411990921467,0.6157244547731026,26.816347204459714,2723.1952780892902,0
74.13930307209107,0.48285043996117605,30.86911762622424,2176.3611943197066,0
73.49679539728128,0.42653289063231403,41.53844113867726,2256.2252668272426,0
71.73303786813636,0.5955935822330762,26.281500415474085,2002.023686050185,0
64.57422305329423,0.6183549102581605,28.409286836692864,4588.629045456179,0
63.2776624656336,0.3835336651487605,29.741510303123842,1795.8517558489496,0
79.64369863546574,0.37960863510336196,26.563227828208532,4281.134708815416,0
69.49448068291512,0.52252566819836,35.491179017617135,4514.323968958204,0
78.16358321536144,0.5629360633428893,18.14557313346781,2497.5088499947738,0
66.14751313875777,0.4700930914769945,27.344704148106622,2234.6901868254417,0
76.81062742771083,0.567929381998235,34.09156868159981,3805.103021077234,0
88.03278037316063,0.4289863393162618,28.52952845805683,3539.857538199412,0
80.86165800392783,0.2885306400926264,25.895805205748545,1642.6755829810297,0
70.8758618178352,0.4576098927667404,32.20378377219382,512.7406296232328,0
77.57198970355927,0.5063232146513101,34.53171617698576,1324.2620009124018,0
72.59334825469787,0.47241600401035433,31.05317722607529,655.1425290614949,0
75.07880184694729,0.3841396736340515,25.993898200935583,1473.6613788834568,0
71.74388947851496,0.31843510241211825,32.281016595758715,1309.1078279039953,0
73.3566479411461,,27.98975349862605,3188.5571194335676,0
77.12093353074175,0.5897655771649744,33.72593440946914,4772.480142273898,0
65.06641300418049,0.6256197439413682,37.41629442428295,3428.7186616524177,0
64.84121173010021,0.6187713384138456,16.972116221557336,4633.247040322848,0
61.11457446168789,0.4184090464851447,30.555337365978165,3920.661293042217,0
58.9972889549629,0.3846293676369636,21.321330315261864,3639.388110355866,0
62.82717307779521,0.5496634614979895,42.20894292664885,2070.309701066707,0
76.5946250680413,0.5635100011597926,27.659377331019048,1623.9725143168432,0
66.07212484508116,0.5400169605200498,33.73186620912686,4231.386862364596,0
80.13614464231097,0.29859367257622366,29.82341570202552,4526.966164645027,0
75.34713748752561,0.41331154151165334,25.984577096404703,2259.4124682546603,0
55.31495786561946,0.4970311209714022,25.389734764112866,45.315490933222065,0
81.5497558422169,0.5487218194630428,37.928395865503795,3962.6552945323524,0
83.1079864559171,0.5767307362602487,34.77969030089155,1425.3442023614582,0
65.06137325165147,0.514425352228204,39.717920436887816,49.439325084603695,0
79.20191542894992,0.5330783806538236,30.277266675788496,4024.9427948806106,0
66.43501762590802,0.5084865458361104,31.43959810623,2587.0709440844907,0
75.97670376748336,0.5685619374218482,28.66404217172356,3426.0537316923455,0
62.35501593045034,0.5312865651490911,28.564588984424955,4573.449105722388,0
75.71116441080163,0.7076381792988339,30.631593095277935,3938.6928602170615,1
71.17182810387031,0.47316312008626193,30.420050954621757,2515.9703628948287,0
73.76271053725164,0.5081291425042481,26.053767025569016,1453.3106067413175,0
71.02320306385396,0.5484591378839275,,1525.969172199763,0
63.1596944177744,0.5267475388898061,30.850051094901048,3982.7103301482293,0
71.00100937868864,0.5380826418345254,31.43841021837861,2245.146227929685,0
77.69294752580734,0.6342721861351186,38.37564969845113,817.631043040602,0
74.55106969877463,0.5265163922746587,29.811410251172045,472.643820002478,0
76.82501030599214,0.43510014795268426,33.78363501426714,2364.600584308897,0
68.29884799545768,0.5883606785994169,40.2575473204279,2324.775118088652,0
86.7171791471616,0.3633801662331082,,3267.2913910269804,0
86.62597866724373,0.6769693551200524,47.86250329662808,3450.828308316443,1
79.87560297086719,0.5335847264720069,28.4665589223975,717.3785206710737,0
86.81891092959961,0.5516396667786578,31.148215277838982,2539.0144239925676,0
79.80908092748895,0.3754948776496005,23.40861853985029,4533.947019430126,0
72.9747577293517,0.461718251901325,32.494572004822075,797.2070581010621,0
69.71702953337021,0.4393916167780341,31.37230088806921,3448.7732048887447,0
85.36087651046256,0.4513323677118403,30.116925625780905,2969.296324827633,0
60.77025074738327,0.5943597776272946,35.1359739412143,3742.928633559013,0
80.10054870270272,0.9858547274312527,35.32552425489943,952.7297252849418,1
71.02442234508278,0.4980877820146293,38.17431425580173,4708.026684529973,0
87.37653757511998,0.4454038072885072,34.508823439701416,3104.832138835793,0
78.79767636040896,0.3650350329779859,29.64683010174013,4235.355688455684,0
65.31954241489754,0.6420184938781949,29.25635206091303,1233.033818401178,0
71.89692294615097,0.5592113900284919,32.40305607624297,3697.064446989808,0
68.85676855903705,0.42933308959268596,37.6042561603189,3905.1535216695947,0
67.90211007766464,0.5719599497624892,30.508038593450053,1987.1763619353783,0
84.78889558556779,0.49297763794253746,30.72015450989613,1919.7672644171105,0
79.99099402449703,0.749797885035391,41.220452528668446,4033.836894970576,1
91.08780855734373,0.5435211528289603,38.91012056350736,467.0384088010798,0
83.28229690184622,0.4258501750087275,28.15558448531488,3678.1207510875447,0
105.75084170628367,1.009544574480932,41.53497960116924,283.1722629330292,1
70.37060487974742,0.5121461064199546,37.317178271304975,952.9515056041299,0
73.50059280920891,0.45005488071147864,30.735054168064316,3320.718786206836,0
60.66848185475288,0.5669085210267524,35.68529430022761,491.61833545981915,0
69.75337592933197,0.686906650367826,25.443599715485206,4859.21045738395,0
79.93654847643151,0.4245701867392857,28.97353739185743,4341.981047309503,0
87.96063061781396,0.3334874703695956,37.42217019220114,3131.5116620336826,0
63.92843183197549,0.29982598325237386,26.618301421182274,4095.287278346749,0
71.34494063014733,0.4849531858505018,29.243504801151463,4437.90024294784,0
73.48700779767478,0.4336835409873817,31.283426154457395,1297.3782478590922,0
61.04210797807515,0.5207860501067081,25.054227410035068,4247.057939746597,0
80.913492417584,0.5132597672026101,,,0
78.69730096848255,0.7800229443398202,35.259286591692145,3021.7811774771803,1
73.04609648822976,0.3185116170518594,30.233408670809805,2791.298156242997,0
70.48050628088123,0.5295933240346096,36.401760104185676,3569.454815370162,0
67.10661494280326,0.5135428834719957,37.707285974161266,150.7065886126402,0
74.92955014519445,0.4574182001633449,25.719575639995444,1452.5470638909449,0
,0.7859199415411753,40.33187225660096,4003.8566730099456,1
71.28142117721335,0.5471391262764991,33.371241542123826,1786.8433957455936,0
67.71538378319657,0.6271899545423943,37.581737328995985,3875.1252781474673,0
78.19524670782955,0.5277982440218922,33.592451486585645,3258.2608057535813,0
91.53617268492285,0.4152526109434935,31.454567007961657,1172.0072686186788,0
76.39887232839128,0.5044552165571151,33.332712659913156,729.6448979616654,0
84.9611821491113,0.36338859190663153,33.368844171681296,3145.234967935252,0
61.097780748465375,,25.36142853857816,2252.3366385237887,0
76.57761439293769,0.5081844334529538,30.963993962531344,844.785205506593,0
71.72894315423196,0.6943779198376601,47.48584875387879,2106.442619263292,1
60.23075072468099,0.46993256395563177,28.963216156529977,1515.2337415929328,0
67.60628592540964,0.5463301510234231,30.64723321273722,540.6598616968755,0
86.91899334413573,0.46669523790244777,28.78741775236989,2734.54509632614,0
84.50015828669646,0.47241042785598264,18.430702521965625,3818.2431695627706,0
77.430047220544,0.37755977929527285,30.102950886173396,2877.334444264935,0
59.672994401100695,0.5566540987081656,31.508959653264363,4131.456824686762,0
73.03719348612063,0.4351530799980863,27.43753304559549,637.8427360771566,0
78.01700008901736,0.2843554622994967,24.22681525557636,2178.0592891111196,0
76.75536229578599,0.46287426293296063,25.596967701091753,3047.075518290496,0
56.56206416519254,0.5981149715570353,33.82093808067782,3380.0078047095367,0
66.09682151980128,0.46130705534000527,39.862623865234525,3478.931532117135,0
74.35922235851284,0.6737984985123521,36.912166704527166,3644.827135489405,0
80.3629090951719,0.5428967948548518,23.27826997584724,3257.1490609800835,0
53.03872178900053,0.5338758162280366,34.27313655275351,471.1404447043382,0
73.37876024520142,0.48716017340823914,26.68418812095355,3476.528388011482,0
76.43048769878952,0.49317137922357096,27.088664687456113,3623.913283871938,0
83.49611988516213,0.4736576364880496,27.69012201014358,4967.399671668136,0
81.92857584237437,0.46977306079174735,33.53033474927715,3466.81218350563,0
80.82571318808806,0.5530867162067149,34.79626688224519,3434.1519787577445,0
67.00059493298066,0.4064168770209434,29.50984464360106,2574.0664509098597,0
55.91997862876693,0.392410617127574,29.594646294959876,4339.614542925569,0
71.069472429386,0.38768049491246226,32.321318716178965,4984.173809805791,0
85.0163182520856,0.7045654547677154,32.83997269762121,3895.2243509871605,0
88.93454527524432,0.553034290167058,35.88112853379265,3062.501889289042,0
82.10549102297786,0.5304492201680144,23.578140122454005,,0
79.29340822801734,0.3942485329706569,30.10013669902015,3633.695658648138,0
101.11653917976307,1.0035818639822984,33.63392616489199,4355.6619369089785,1
69.43881253239219,0.48834286535466714,29.745288604682983,3877.8407390471584,0
73.6993970644638,0.5214168941131749,28.869123561596197,622.7769419974466,0
91.6906952582633,0.4023379684136444,29.76625273048649,3268.662500630717,0
65.57441994208124,0.5160268857417577,26.00128555944734,1478.6195247583732,0
91.14778790709852,0.45761664617935166,22.563551033962856,3801.3562170141686,0
71.77971845507942,0.42343888429698123,19.527812366425486,1201.869770157331,0
88.25432109095078,0.5734106335807249,29.3440992286758,3419.8933841020535,0
60.93184990502462,0.3462292191469998,27.844994470835303,1474.9647349198985,0
80.8590420116465,0.5564776264314151,26.620311675980865,44.97146408715569,0
67.63229864052379,0.5684486133552996,36.612742314158304,3166.7895598654773,0
60.847328080758125,0.41203563244487595,25.702809066023445,566.3454157946119,0
77.18534042410946,0.41796715388675326,37.084170410694014,3296.4573639410705,0
85.09471788595968,0.4776974318733598,38.119218721346286,4628.047241784688,0
66.55058561406504,0.5282036210462221,20.245497666053097,4846.229671055451,0
60.00984039541599,0.4847145008185775,30.461907294994848,1179.6154366380629,0
74.08155235665045,0.543356246019188,28.001517545820047,,0
74.12564671222819,0.67629796525374,15.440980276413672,1767.7663843622015,0
92.66665925465796,,38.34418846238189,5633.340846281999,1
84.49594571364489,0.3284820029296579,33.874680535542375,3937.447843146869,0
74.40584818727505,0.5825923583030653,40.09599626355632,369.6085832288182,0
93.55503314794262,0.668331457592753,34.51339071349624,2035.6849693863865,0
99.40558761849785,0.9562097473715001,40.424052545358265,2060.449391927375,1
71.535734939931,0.3912251324646332,29.893338091844562,3925.905103616385,0
58.88432640897172,0.48761076367647993,38.41331457324057,2051.4285532657955,0
72.37340479683833,0.3881476515788368,40.741196009788204,3422.941988265419,0
71.63613054588863,0.5642855493962947,27.06578660237907,3012.1762779522023,0
84.6030479628147,0.36487095973015654,20.000067198448544,4878.193595488169,0
79.62483624066854,,19.50906268364399,4688.924784008074,0
63.206308783673826,0.3995662173706094,36.60940496079901,2138.4975736935935,0
76.72254386411038,0.5126824685134962,29.764707296128066,3617.8910582057465,0
81.71531171729053,0.46336583228622424,30.916209552293594,4147.300469906108,0
90.28031359387833,0.5176762103250264,21.046745035216432,4494.428769310726,0
83.8750396741406,0.5022350554966366,26.23405543605767,340.6713188824184,0
82.60846654311477,0.40133409722758895,28.522595930496088,1510.3939963674839,0
94.38641513202134,0.950432663261006,40.46724537787777,1981.435626772972,1
99.34662689574229,0.8929361210612203,36.84919172574137,3132.626567529721,1
87.49504900706158,0.40114709921340996,24.813369008493286,846.3237535770951,0
61.6722260252035,0.7240926556205792,26.077165036987385,2481.0293997500403,0
89.2460053123379,0.9503194564469364,46.02031606308896,4369.705338029634,1
82.04258783865652,0.954885104608983,42.25276939034417,3021.8307147391715,1
78.79153118726124,0.6415204526701823,33.06078403477776,3328.9654759880787,0
87.30222175650788,0.6841815609386608,25.50563094561335,332.2081590895015,0
84.79377942747041,0.7591202052938276,31.458241236722863,5624.723912041517,1
,0.5347397486434762,27.38447846557752,4695.345960505342,0
70.8777925497553,0.4011997181997059,25.66714722787252,3089.5371205932433,0
84.13473732017407,0.48528072492319885,31.745061343140396,4406.954993184485,0
80.3762990294988,0.480093744624013,46.428618568409206,657.2300832410622,0
79.28186247810577,0.5184827033621654,33.47583008809128,3987.2446003815508,0
102.44328607708995,1.0908886436047667,52.79447076369708,761.5225363647259,1
62.209692637802135,0.555982844882806,32.84384847669725,2040.0511574876834,0
80.15294321624468,0.5237642656299959,26.850568812136423,1619.0926727913752,0
66.65718189965375,0.37892573733708357,31.739580390604416,2927.9591261022715,0
96.84096733380457,0.4061532894258915,38.903192997388544,1507.5726761976678,0
80.70507208354516,0.4453592380536327,39.147812981606194,3186.5681483356634,0
69.1935169744605,0.4717759408076771,27.123313159784605,1836.9364457597892,0
68.88614752611372,0.6050774290472114,31.265918478496495,4303.951905152322,0
74.07055793386412,0.3837061013147087,22.853665601644273,3169.419201098058,0
72.60498077978251,,34.12334312345715,1076.4914866072306,0
86.16833775529955,0.595300949821405,37.76677349527947,1680.6471101404352,0
76.86416169744047,0.4700122525503388,30.19899727058008,4237.104438133279,0
67.68368261091472,0.5460415649842825,26.66307972819936,1932.3987499372925,0
93.90440685155782,0.4860457957072096,31.800654756387814,2678.995327828226,0
75.49308331520223,0.5256783257324723,32.08729515681583,3244.7096797616637,0
82.68839675968897,0.47715274561904597,30.4057191592481,1739.0482479295838,0
68.91773492555241,0.5667065472728354,30.893575621679766,1469.8931537903416,0
78.63115627744523,0.34549435925935645,29.130925747653144,2376.274513040143,0
109.40826058692502,0.7607095131354997,44.703684540364,1449.8019960149,1
56.10350707903847,0.5296572676694308,33.68113722582564,1421.052934595317,0
95.15275110460641,0.5533695248006193,25.084484264279254,310.39242016018045,0
99.77452023670286,0.9163119792297421,37.79325580749022,2247.3817429966525,1
71.02804683854012,0.46089753331344235,28.72812791486719,1603.5204668178465,0
63.977302595441444,0.6479481761860872,33.684185620525895,4809.165831456598,0
78.47561613803552,0.43409761733403296,30.740287069454073,2948.644127329401,0
75.86697699414397,0.6328646411544644,26.784247949386724,,0
78.55668948563229,0.5817467126698372,31.30759298362915,,0
76.9157739619409,0.40865414203677775,28.34594740238864,532.6834680418597,0
80.06240989305925,0.5307039237251822,34.402432301120655,4072.6848043129617,0
89.47305699391806,0.4948764164467808,31.66529217533524,3117.7477470881786,0
80.68103205128646,0.5625584593675,28.42360906273928,954.9101527010146,0
64.50344501090059,0.477672841156669,31.157593860232307,2023.9770293086913,0
88.62562852712452,0.46927537743382686,36.57524029762101,2693.362499908114,0
91.40614563488288,0.6369094582762851,27.151849617268113,4218.049145687209,0
106.52056734512085,0.4901279105544327,32.0132849082358,302.0599584724709,0
63.76505966760402,0.5826422324191767,29.647698297670022,2983.611446836812,0
77.42882013150275,0.47746485149558004,32.134918419310495,3585.17960793342,0
54.17901296811013,0.6666663259227523,26.727175292021347,4889.459289552297,0
80.53149156379209,0.43216653706645064,30.551677165796878,4035.800391460922,0
98.8742416099852,0.754470558963853,44.231858074401515,1955.2043055871904,1
94.23445794824953,0.6524517181115903,25.314965093769462,3547.8959693913253,0
67.25385029981418,0.4555053609104747,23.35297448337459,3816.3894246348855,0
58.10816962032739,0.6601074306164393,23.542722177565178,3648.677499591976,0
70.2873625929748,0.5891840579594813,24.146687348999055,4100.72033975935,0
55.24512228782862,0.4845350293439167,32.97661643946332,4518.649881068188,0
82.5109945450731,0.3186706527982841,22.970701570672674,492.14934494670126,0
54.349169537436794,0.4980681695728164,28.510523276282346,523.8192884055942,0
75.28457581183159,0.5101630053533425,33.09144651655354,3981.99994385323,0
54.22188180143803,0.6167217733304373,32.08329530274297,1261.8623826073544,0
93.57947341355116,1.1677090719538923,37.6953523619093,405.2798138326683,1
91.43378155804534,0.4315012820856252,30.95461865877553,2006.1459049030288,0
97.80004474598695,1.0549773062238748,41.746554286575076,,1
79.37505247416405,0.8988790075371942,37.30407213004,868.6708934353243,1
74.68796511060916,0.6073412702410446,28.9458264067271,3359.2098590223372,0
75.18016872044447,0.5498689912135545,41.1771371737848,18.079308857838484,0
79.72630345843406,0.30575023090382303,34.0465545196565,548.6872360622497,0
61.331416367191736,0.484457756747224,42.40325458756072,1754.2517288424342,0
80.92567273847331,0.38442924250830846,,418.01140512207013,0
47.95608368397225,0.4797394227081926,29.575167015559263,4229.508337185564,0
68.70115447636189,,23.33937117361676,4320.352515727344,0
70.11726157548455,0.5305150835874972,25.95216598955214,3777.853515497621,0
81.33326826071239,0.6148090866397433,39.50956574331251,1212.3981569780872,0
75.22630852676869,0.5341753920713539,27.38982855079122,2616.2353761998993,0
60.944369461437134,0.3701674060331097,39.596406500722296,920.942627616857,0
87.87694667572325,0.5132544366537859,30.83613276005228,1961.4739009459665,1
76.98680009547407,0.5148808761679591,24.732654829633617,2580.0264608689554,0
74.20932658135443,0.47860735336488347,,3675.0690423039887,0
69.20875890364253,0.4023054260618118,29.68125039160411,473.2719019681958,0
70.19166210488021,0.3299372750348622,34.61543646225065,1483.4834881404308,0
81.96167997159289,0.42652567865272906,32.25385208593133,4633.106742859612,0
69.82307427130786,0.4805508515135224,27.91842371327986,2145.616588909441,0
74.11908755970927,0.566587782370639,29.33342096740947,4694.348369546572,0
96.69936588080543,0.518863108156798,28.4046854010765,4957.002707760678,0
60.76317363116077,0.6608067247172729,25.42673132337135,2633.2991305570795,0
56.481572684253415,0.39643959439546056,25.56018531699189,1440.2200489242528,0
,0.5881058892057434,35.13941945716705,3953.884042862895,0
68.21356938705897,0.5047298743128728,20.8591753603643,796.5536776250748,0
71.8176247225738,0.5694669124118584,38.08679348722527,1260.2342983603526,0
,0.45634851367344564,28.28502887198884,3924.3995474964113,0
72.40199859232487,,26.1374569680392,2168.2296236601496,0
90.98538112096341,0.5295224758345243,33.698796453486345,1007.6896849383338,0
83.0212845861812,0.432055501508225,37.42608292073559,3255.6287247616224,0
83.62223511886977,0.4987975971086812,35.58816220801979,3663.8093069084143,0
60.837729442073545,0.47604441410629006,32.50926024679946,625.3561972528454,0
63.488462634471304,0.5489178350637793,35.43431744860918,1384.9012998746707,0
64.42292398904713,0.9395468857394589,30.73995764766396,1454.5507225172003,1
66.90619178917245,0.49706482978843053,27.390847292559258,1899.2731438122607,0
84.56703186385658,0.5395307252649331,25.444149699875776,3817.224477880322,0
80.16946515748371,0.5033023307193033,36.12319365607588,3568.540511371621,0
89.50928948820675,0.9611726865986463,36.8903590252652,4171.9081560305285,1
74.77699716281947,0.5774022774071053,34.227032783910275,31.427729342956013,0
83.14072960175308,0.8173648883697853,40.53711874252135,937.7743668316273,1
77.04758882401784,0.5216689097497673,25.688465319181596,1116.487745510334,0
82.65878279480614,0.5295665551482,,1359.779230194248,0
58.84113212589527,0.5403299604166825,36.46908845407363,732.1327082445,0
77.99647687837349,0.3174342004335392,26.12258675657793,2051.577757369448,0
84.32434870954667,0.4698473704230653,30.624338050977396,375.9029250701296,0
70.8489971103663,0.3515560931806574,26.087293568367777,3750.110951938904,0
,,28.430239065420697,3938.6039364805247,0
103.14654444472552,0.4939150479997072,29.76919028015014,2871.3334480044905,0
73.95657207013107,0.4806659050320377,26.085667448512545,448.5243852098392,0
78.93307050005323,0.5896797332033236,25.19776523008059,4450.4158477337905,0
67.61942916338609,0.5422324797449875,31.431366683887212,4828.179143540572,0
104.31465177469371,0.9094091495706056,35.131160083806186,1401.0590199252617,1
103.48597746578524,0.7754866707690269,37.92379810098438,4377.6186817176695,1
76.94842340270138,0.4664833026773615,25.30473428149015,4209.693153212429,0
64.80304680291144,0.3255467111393946,29.610459768343407,2699.2176127135112,0
77.0636177132545,,34.718508171999204,1616.6154976337443,0
89.62195938717636,0.48164596779835345,37.53264318156133,2392.793575401763,0
79.48635764514528,0.4885049068508157,26.370409570031107,2561.34375392226,0
84.61987189071841,0.3517768576322691,40.751553966656054,2003.1852209401395,0
72.62988029987372,,24.97647569646602,4649.212468168531,0
82.49900239423711,0.4897896941108561,35.417742616639345,3719.41555471251,0
101.88836745251535,0.8416169629912827,42.68704508866236,1752.2324833710074,1
65.49089270312768,0.5400641638339837,25.645383650649947,2927.7859365993427,0
78.18521004798875,0.4211923746096329,26.276219216078058,3443.4457546558374,0
65.08303336559689,0.5456355973132696,29.737761501754406,700.7821085106514,0
68.67119725115208,0.4632925353981817,32.89986085516805,1792.128711900744,0
76.89328307292374,0.4103414459352808,33.34934018952411,4527.7414080195795,0
77.97244273380124,0.5573447493355399,25.280074923260557,2835.8655009260074,0
63.10767534922871,0.6491673858801807,25.051703562443656,1084.9887303015844,0
85.53985771182876,0.5724829373485831,25.416806533182264,613.9239905957538,0
80.72006278300474,0.592297756514043,29.443227988072444,2591.1344673743884,0
67.95271564389117,0.4479369393437701,28.949221979045628,2738.4286151457204,0
59.624152035508246,0.3402380270831543,25.249122689651024,1672.0722567730618,0
73.55095420918569,,31.34801847031622,3152.0801420955922,0
70.5405628613884,0.7054514889404759,41.31284404167659,343.4234310969436,0
76.13140457053022,0.6542806773769683,27.476422690824243,725.6984663307031,0
71.36883338844433,0.46642140610202504,27.832440893982334,2731.369105056296,0
69.29662769294958,0.7757220742306739,38.55062964042252,454.4816219568583,1
71.11653061698841,,27.205918541316024,4404.543824955503,0
71.94380888931687,0.3316267432385951,33.344822408590915,710.731852282584,0
81.3366102477406,0.48926213815899544,26.4072864661048,3369.599370422682,0
86.65688633273474,,47.56890432447655,2559.0702610026306,1
91.78674673372566,0.4858337368127757,31.723874862961473,1998.938737711242,0
55.883594493482434,0.5302322900348275,26.899885254616443,3824.447643055719,0
88.11167497802624,0.6375596964304209,27.05654150265363,2497.3106708645696,0
72.75681029121895,0.45959046881676,27.431001236459824,3628.277318219332,0
83.59584872343557,0.7035531456719595,36.863748331244366,2525.9561437638463,0
75.79801484058733,0.6992094407497453,23.656244961993583,2964.526707026317,0
86.39555536025469,,26.660291647702476,3803.5731393483206,0
71.12638035447189,0.44224657359807873,27.19169721537287,3036.543714606377,0
64.01379574822188,0.5697238046390313,29.92156016621531,3078.075546943943,0
89.20504287271064,0.4652475057481142,28.644451536766027,3946.097957137972,0
96.17940643652744,0.8943131002972626,,6819.917335913614,1
77.2155847362421,0.628123865352298,28.000886582022662,1883.5807696766838,0
102.14592765172134,0.8348363638908162,42.06028345307148,3533.27810292712,1
64.68044757905565,0.5155511603763561,26.859510824601085,431.365788667728,0
,0.3737135246271822,33.43387744523832,1794.0194028443345,0
69.10105243537109,0.3770473748782614,34.597042143768235,2060.24612944693,0
73.67830644355628,0.5107229288419153,29.608066501353036,4176.186584120255,0
75.7227896538429,0.4500128965494968,31.152707934253648,2566.962010628384,0
59.997781385530644,0.46589070678583916,19.194720013253644,3655.331866492289,0
67.21162957179565,0.6021963155060004,27.894486139190843,95.03700012835681,0
88.5107289241314,0.5733179317422558,35.02410845878956,2322.463348141578,0
83.86191188584796,0.6378142680497613,27.882817084103614,4506.588325817921,0
93.10160637917183,0.7656267624189301,32.19141412676544,1547.582184847007,1
77.43123458512893,0.4656808431313288,41.38844463015465,157.61092653556463,0
72.05757494363543,0.5758981695460113,39.09538595097902,2167.043668567382,0
88.56583385827982,0.5448078341012892,32.33787456241079,3522.159103237977,0
91.03194113352758,0.9198968996450783,43.01230750765281,2903.561500122634,1
77.31842092134848,0.5420536705904069,18.870322910209612,2299.8915675563294,0
86.46030144142065,0.6848109104105553,26.062242796856466,3349.0252061915976,0
67.22628515154094,0.554001780172314,27.650210634134243,,0
90.58789184496894,0.606216744758866,28.82009950566527,3759.448958209887,0
59.69538590256623,0.4676485053215543,27.55027989513019,765.5676545286672,0
91.29642131112799,0.5014287211883989,17.24986854241827,1978.7530264299385,0
71.27324416048026,0.5910944403839475,31.9301230935428,3280.04054235459,0
72.57301252174719,0.6612978170593055,32.71827064140303,4141.845036150989,0
56.09989828817057,0.5729236949310753,38.00949395794991,3957.6553558252763,0
70.45205282622307,0.4916828228065381,26.058453676125183,3608.427996538489,0
64.60193468973115,0.6377335029528342,25.64918421110049,1795.4819176819553,0
68.92353654626527,0.2808021343720119,16.600077570177657,611.5215814686193,0
73.62689034211121,0.3577765498493126,28.53216581704557,1084.171088464953,0
84.57791614472906,0.5681634223668389,34.505558905310856,4324.169072882425,0
77.07603351400626,0.5014108356253125,26.9411606890364,4286.6568506632975,0
78.07676653401114,0.5605513651124165,40.71722409271824,4757.804262695079,0
64.04480611154437,0.5064407522431942,28.71702582105238,379.943259477708,0
66.1924591039727,0.5570945694603873,,2684.0454263872803,0
92.98725018351311,0.4185597179006809,23.18448459709203,3243.4152245211676,0
67.64798965236753,0.5570486086079691,31.436101725876398,3553.286885334283,0
91.56208252057296,0.5994414528207584,20.103401025736524,3219.316175052151,0
72.56938801119134,0.6220550603931233,33.46848977506573,3850.05694951141,0
75.02287936143505,0.70135542946487,33.62214088117706,1797.3578814467078,0
85.7036516022993,0.5244098443502386,36.79645712168255,897.1638606774108,0
87.71892421938657,0.5273911086847178,24.900156406161557,1022.9168607521926,0
73.89187439720912,0.34768275358261524,30.802810591487095,59.893447350821695,0
71.11756946478461,0.4468588598861575,32.81908279693252,1751.6093605311116,0
74.44079551477788,0.48069179259933875,32.21140819165155,458.7202543998864,0
78.37957528232118,0.6050319552276355,25.673503624325743,1607.4434639509543,0
83.91303686869756,0.4388998875910371,18.040090552219297,3141.050385831239,0
75.04229858994151,0.5796340019748832,31.734801484422405,4472.3902779341,0
99.04089735644001,,37.06540230549304,5702.108928876518,1
105.91057160802151,0.9496562373160757,36.457522563564275,1570.9721802945223,1
78.81309612264785,0.5248893969133257,33.81972681857733,670.4157109902347,0
78.11652856004778,0.46088436277471573,29.775402309227836,965.3613689836566,0
59.810891749099326,0.4570962751907334,23.404024736161002,4854.933259518035,0
48.69269863170936,0.3295214094209885,20.342738554518892,2747.372398427454,0
78.88375729230168,0.47520457926721105,24.35518367433417,912.5111150028741,0
74.05175768719128,0.45200318538512735,41.965061473833934,4203.730773434076,0
69.85217325085259,0.44840190106509203,33.613883869663866,1975.9562215627745,0
77.43530204186345,0.5416873062590041,30.94306170987506,4496.110759873636,0
74.39596270803092,0.5658631952790509,29.091695364070976,1303.3856341724327,0
86.27780250633899,0.5232194504642328,28.76303530026282,1966.1087940211808,0
75.86110868258977,0.5995415190449475,35.83597991679547,2524.738813950423,0
67.53076714929833,0.5575561925830366,27.547021290482842,4463.076670445158,0
84.90166238959289,0.4704943810194358,32.88460205342146,4343.787158025279,0
72.82868925053798,0.453714371428562,28.25786024854203,2871.7753515193895,0
80.26536683672308,0.5312822236766847,39.700783159175316,1108.8775489044533,0
70.225892938072,0.55737671099019,33.71144253789152,2016.7848586893756,0
68.50173114502563,0.6397844307031498,36.22778407341813,4878.165326827527,0
75.84168230185696,0.6191173044940096,27.077951126558805,3038.8661193870103,0
75.12828643543685,0.44585269934928307,35.29068056283711,3905.4887756209832,0
79.79827035366833,0.48979937198727386,28.437112873026546,2249.3234768070984,0
72.31354246690258,0.567101780491777,30.550174119664245,2660.036377334032,0
56.63640216229602,0.6067997778058972,,2144.7705611627202,0
70.67226116411611,0.5938969468704792,24.786124716217905,3514.6049903098396,0
82.93818467143815,0.49361221671686534,31.016238656527,4257.355069434387,0
72.02623920756893,0.3745977347571483,32.190026292593636,2536.8177161228177,0
72.53616597485453,0.40010636237544084,32.60002190400405,2404.3372931811286,0
107.93084357030125,0.9695567946164618,39.34070876804555,2300.649460953827,1
82.97487381544619,0.9823500034074064,46.49139926818439,1124.3971506367022,1
59.57196781757101,0.39013206265656153,23.5253405732987,4696.238614375544,0
73.39368880474505,0.5044569610889271,37.29442694316235,1580.398593397525,0
70.15826048751263,0.5631224356971783,36.07532802795819,4003.457317871427,0
65.33753680246745,0.3848773342492856,39.50444394801842,3576.735106437371,0
73.24621544101309,0.6104997201804414,22.0588645064609,3954.5880013906453,0
79.91505647246784,0.46224688514401746,25.65584256055145,4683.840666860512,0
74.90711438432184,0.6257613112576651,37.4597152958082,3116.853801104486,0
78.06981072686237,0.44665475542240995,20.614804226848456,4489.751716910223,0
109.87565236603007,0.93528354334175,30.67831618080212,1070.2901937470936,1
71.57121138442436,0.454186301015828,27.55846106644254,3133.562879783938,0
77.7834863464467,0.490485187692268,30.95996894311134,3861.3780645730635,0
69.90786637400865,,37.96112536824388,1358.2056537208703,0
81.44782099865417,0.7870095114430857,36.61043039620536,5088.293140335909,1
69.1509234658223,0.5333965149676191,26.958804259677304,3892.3841455811844,0
70.21241428478311,0.4828820630203601,31.556949688482135,4155.939780082224,0
78.59475797547125,0.4933887606047993,32.34798241647201,1564.414562979664,0
98.49075786700757,0.3290773600797404,32.20619911085136,3408.0329508415457,0
67.83956563724159,0.5391698016010473,29.110068960243275,1521.2664170488106,0
70.83374694384537,0.4910796702308332,20.224569430409254,3695.2019374922766,0
74.36876986888751,0.6610292980482871,25.41192005446834,2314.868325728561,0
106.88480534799103,0.9461436889195198,42.29755104688062,3705.6218127453158,1
77.63550811954785,0.31917046715004854,30.935344689883,2079.1999071528444,0
87.84095793948117,0.5618068493930042,28.387389404464717,809.9146346491215,0
50.73607929464792,0.5346527018313001,35.59084274186987,890.1476480268184,0
51.13070129804328,0.3991566979468854,24.349416838155257,387.8445363106725,0
,0.34702510449959084,28.873259331434962,3090.363398608309,0
85.97300187543709,0.6537396730684291,30.688792025870185,4243.191989765296,0
59.34351968394404,0.6414110390606782,27.793112483526855,104.18413131040471,0
,0.2512543241293871,30.503814114507993,331.19751044176746,0
80.71179406219208,0.4541776970743499,,2287.3349615145517,0
77.43657223702715,0.66641920547839,23.003284761070624,3688.6036808409467,0
76.6413045093637,0.766613996958313,44.39195528195289,1137.7565277926217,1
79.61119386866541,0.7770511269617735,32.4837899041505,1761.642005974093,1
65.30256280365326,0.47172406723706317,30.82807562548361,1160.0310064090359,0
76.1053531747394,0.38791030262318404,36.870679120750545,1995.2560933557706,0
87.03056713656346,0.8252581710883733,32.12657873917469,1391.202663716776,1
79.9406391897552,0.6052547310734748,24.142584350145068,1762.993392723765,0
65.5453190659151,0.6380427933810331,40.346348800152896,4987.592558456573,1
66.431481348722,0.5247271452108756,25.840144459607345,3055.0462422709456,0
63.7394603908895,0.588657949275765,32.97254501315735,405.90852695846445,0
72.43659321627507,0.3548773701098842,29.26005626238573,3188.7283312285886,0
100.27866475409377,0.8123338761851087,45.547258057277794,3166.1640654142134,1
82.97843779895767,0.621317918839159,35.81494797838669,4672.8278735356935,0
56.406632283399425,0.553289172022704,29.234597477592985,1446.5215855202662,0
94.26272108214906,0.8674058754235269,43.878076837890866,4428.794933449412,1
80.58336423211705,0.6202249003361171,28.03381795418577,3654.3041152228493,0
93.56647436561954,0.6206535723454303,30.169784425825842,1107.5039050459368,0
70.18234028906525,0.5269052693015707,28.19282901824844,4516.118124854681,0
78.24458604352517,0.4099839772126337,33.832279799248546,2455.916002148015,0
56.96137207437635,0.45865512965282046,37.16494138354789,3394.416834446512,0
51.08043795686976,0.528638674395539,33.99324103595572,729.2777944175227,0
,0.4811405170852512,34.60968300642678,1289.0195849598463,0
74.94439706351929,0.5938957178234852,34.615167186178645,2930.5355896861142,0
86.78512689798423,0.3470225919890664,32.75627961167355,1595.1363418667474,0
61.26597111030251,0.35057364709337613,24.303569203948662,2498.464592854867,0
80.19902139528753,0.5180871111482432,38.5048575970825,1870.0259968664461,0
93.68817840543853,0.4508455586193095,39.02205413349213,3202.76898322024,0
79.19705608357266,0.4372951385302259,28.83060198343316,2435.7268139040443,0
77.7658150559105,0.32319432808256027,28.14651042391909,23.049679865840833,0
75.0855608082435,0.5019545844798182,33.062058264576876,3248.40418972692,0
59.291185428740874,0.49472448919992346,32.75406417591753,2110.607785250909,0
88.55572935710347,0.5653478981951741,28.990269656234908,1708.4917024511142,0
68.89142360194934,0.5068906133120972,23.74987172206198,470.7337614161178,0
80.04483256383017,0.4867395921759503,31.528505953748887,1101.8484528324573,0
59.36965693428746,0.6177000636790337,32.75718269087773,1118.8614579042671,0
63.2054033549222,0.368753269655145,33.629105740193985,4676.847497023645,0
89.35087399222235,0.5536389218847576,31.746463861771037,2162.564873732734,0
71.52697711042157,0.3328852835204651,28.644424258190455,210.3292360758502,0
89.53275476042545,0.41616381199991925,34.970010197531394,694.0834112166044,0
74.21769340941482,0.3787342867376686,30.329242487829593,395.1633786645603,0
56.58102227042143,0.5781942535451918,27.675384928176396,2944.3469510360565,0
83.9206759973172,0.4934589766404606,29.096733089771394,933.1074578341336,0
69.10107682244393,0.49864967554070233,21.270154837625093,2492.78820140888,0
81.98688813517043,0.3893267012270549,29.088790879107307,1850.310314349878,0
75.25210867540082,0.4700306504067111,33.44218259937334,4019.3818857209967,0
59.568817720571296,0.42365346966908884,31.698915110696152,1602.4481863268113,0
76.64294765370569,0.5383455014854216,37.60332086490593,2291.3274119840416,0
96.96223142152799,0.4008908864668386,28.685125429921477,3606.427742989129,0
79.9298645851446,0.6329794365205076,32.43656581526658,2166.756034653197,0
89.6289453219787,0.775987350817869,50.089263142118156,5220.234001082854,1
85.75343401956897,0.41934801675434386,41.71428504143704,3308.4217811833246,0
77.1066846520311,0.6677200509966097,30.723827455588204,2052.64556973358,0
77.09534230262794,0.45648612520379656,24.779064105679883,2519.9096284318134,0
64.08374827840898,0.3685121335595588,34.23964376677641,4836.017279210967,0
77.33848025789598,0.5219071562537668,39.328636779842284,3308.0574825419617,0
85.35443416416945,0.45246077577854577,28.387256448866893,4524.976129861624,0
66.63937847899976,0.4164129744381694,34.20540769303208,893.7925173553218,0
89.24495821246947,0.39041291892012825,36.1436402761446,2416.18078122576,0
74.08293975854875,0.7768373605625943,35.08532771985077,4543.308349225253,0
66.12230488461459,0.47484480998158635,30.62779261236789,1613.060307207088,0
84.97632076920245,0.3074432639667123,26.50763120893427,4838.320990732104,0
72.13205764261731,0.6493709759005535,29.593602259932073,485.3874523682872,0
82.59514887486108,0.5611070905110571,32.293002269388154,4513.355851375184,0
72.08241367741462,0.4233533568980212,34.54111262045865,2226.0606103292935,0
91.69773510617313,0.872570815610706,40.796405507210565,483.34349295458236,1
79.93560204334291,0.5673472796158231,28.100460167297115,4397.607962930437,0
77.90897057590006,0.4753081672510545,32.776898280748846,1259.7010620455674,0
55.044682195482615,0.30740221815548985,34.3004253387141,111.25062747612601,0
63.78756259905608,0.6787239964604669,31.898050282072404,679.0355278459615,0
84.29409984790816,0.4566009537784043,25.819064427308376,3295.573709498808,0
73.67863411098453,0.6495571736482426,29.09296982641405,4889.057445690974,0
69.76268697228578,0.6278434957965715,34.73910388206233,557.310697917584,0
61.41425984742526,0.39989904555171857,23.084910956277632,2309.7402406238098,0
64.20263678724152,0.6033189864363148,19.534109888044206,903.1827547376625,0
71.40167743353243,0.8807894374921967,49.2873323962287,5466.264327234983,1
73.98719281298467,0.3133299413196058,,590.2944988090708,0
69.01562419418953,0.45754018339778574,33.03365001260053,1199.2087424044478,0
65.33412109014685,0.5397637501776279,24.615915131864718,982.0298382453568,0
74.31876574832047,0.4537263352003662,33.68764031733269,2762.5989018348896,0
78.63970630852738,0.4692951659074899,31.376243437841822,4365.920460003162,0
,0.6143566044928613,22.078362110758015,2555.451005782093,0
59.88116580436787,0.5106493980290092,37.12141707136929,291.2172638573563,0
86.59381043300522,0.41567016887150476,30.793416618093644,2816.944652984156,0
84.73101561015072,0.5702030323667326,28.019580169603657,3987.6049965900465,0
67.209072606233,0.5197675566954245,28.11005127007391,660.7809865216135,0
77.03235954586032,0.2478395198537957,19.923890472838117,363.55607172295856,0
70.42366750662384,0.5428352913771448,32.96668299815682,939.0388877878453,0
99.13978490986882,0.8006042051310911,43.15322828335772,4900.27796265628,1
90.0913101340455,0.502012112958086,29.029599338334524,2958.4020976600077,0
81.05606232631312,0.5891700581069576,36.39242603725836,2702.9732698087446,0
80.08608373233442,0.4327606415673498,23.08070490502077,1247.3994731588416,0
70.69690680045358,0.5336499788820901,27.016137618161924,1661.1829762342973,0
60.15943335075665,0.3433040628832647,25.74995872619807,4829.425064716711,0
96.83516952578587,0.7908265469503469,39.26202196891791,1575.2492294563351,1
87.06608154863915,0.6953059695539896,30.337350126286115,4508.227116275442,0
,0.40051436475324587,32.15006761905678,2902.657522288683,0
64.44910631823305,0.4240197868012225,28.265132734474413,616.482331856239,0
76.26267736234068,0.4289984557108448,25.61322132422553,2336.56189077534,0
65.15345215152738,0.5129998225801595,38.43003474885222,4742.743586804379,0
86.98853408729289,0.8273331119913141,47.36604497880113,2732.0274523155417,1
70.76401418271823,0.542124737869098,30.716433359410125,4316.932823946811,0
61.343825958098506,0.5846839945469166,26.216098164895666,1282.1434732585385,0
65.25878153783631,0.5534347213453784,37.37727065521147,2854.610759001865,0
82.03427916787308,0.32315845743619276,22.766214468357674,4219.2602910098685,0
61.92630217769036,0.5995167665158606,28.326133376475862,4603.442205848478,0
59.021278655051624,0.593736741425368,26.51941474326849,2429.1168357565034,0
68.69975020466106,0.5830161372346304,24.202322247747556,3198.440510727145,0
82.31955502509845,0.5372842248655825,28.599878835391152,14.900653911654738,0
87.43497274849886,1.0046044893825261,31.904250019098566,1681.799100983918,1
70.35418921884381,0.6032389398126397,30.063272320743273,1393.560518734729,0
75.44358797515608,0.6923513487603454,30.13588583836232,467.465058272154,0
57.54292567140348,0.404695953663515,26.893341382390105,1398.4750667848832,0
79.94705653775033,0.6078125395794772,28.147433217030652,1605.6101652906957,0
109.12084645046818,1.1433490979368854,37.08759506699346,6707.90205965984,1
,0.48703269479713995,34.049230305597135,3343.011902804188,0
85.05924511796417,0.34634693096179614,29.257852994679073,2130.025397081721,0
63.725039010469615,0.4715210590484605,34.12350870393048,4940.272303477546,0
86.2790899325357,0.40027350420315844,32.929064917773275,766.1616011730559,0
76.54493665595251,0.45361455704940545,32.85765348450371,2380.2559696524227,0
71.63447410121826,0.39018136162218503,36.93922985172986,3235.311035245247,0
74.80126364631688,0.4551091612686994,24.40304560127045,277.9031724203851,0
94.300808763052,0.8783800542415745,39.64619484498025,5069.568798236683,1
87.20282896417717,0.5096754918438801,38.816494001497844,499.33676460994946,0
64.23320872528987,0.33852501377086686,28.713417497053662,701.4115429983847,0
67.37480760853401,0.3554481852254676,15.924381550470752,798.4475623104204,0
85.3630289207248,0.5361914270730527,28.985158284260574,4644.449133277589,0
69.04465064816141,0.4202561882929901,30.67469765081625,3416.177725690839,0
84.00533077331592,0.6074529790229931,16.914434412843946,3277.1375055155204,0
91.99435983008709,0.5225269722015047,36.669678199439744,2777.4674823249607,0
95.6409360582093,0.9981849721940254,34.19529292818941,1898.9803516372372,1
81.81362326575305,0.6410692320420894,31.64281557593758,3104.448522996757,0
83.17834811340946,0.8887203990600472,38.220952758744986,2830.753451291763,1
82.54733298067809,0.44255132945837244,23.558242903979792,727.0807504630744,0
76.99423985986768,0.5871702585598814,24.6474593268229,3447.9864516386656,0
79.73038282160215,0.5509513563929685,25.324585817862264,647.9108396496136,0
68.54427927964605,0.4812669690178699,35.42835954591819,953.3429051058662,0
58.389165844328275,0.6391457966955942,29.26230905949924,4088.4965592380295,0
80.03252064749505,0.47877556901600693,27.390672417241266,3300.5854806257703,0
69.73377397792655,0.8234913068694053,32.64778352300012,4700.8945931423605,1
71.82649507757465,0.5021222650834258,35.98075110763063,2091.01392171362,0
84.4118186641997,0.4065406105101529,,1981.4025911968558,0
76.91897735873036,0.5077585389486391,35.923719493533405,3451.313045927006,0
94.48342644789813,0.6396760177398492,32.46218669577083,3700.0276930452287,0
85.25109152581774,0.5444968315376176,31.449150209353558,2551.066011821553,0
68.46101611674423,0.5031063426398932,23.92031091012049,4846.346221742631,0
100.28632645999542,0.8856383484995112,42.89025189204417,7080.382838971193,1
74.52629297455564,0.5330867028406351,26.580698983267816,2062.1474500637933,0
59.17823236653873,0.5749766628489185,20.872439455076453,4103.111271415768,0
65.59601083515646,0.5609238830889753,35.28521709582683,2716.339207992077,0
69.3923909302014,0.46681351381780206,26.520850268038622,2558.7794377858727,0
54.637794971440634,0.5324781594110115,35.97970953717653,274.8203068932592,0
75.47493468251643,0.5479939741148279,34.40873200380006,2869.8735523415507,0
72.50928155346959,0.3992805012473022,32.783589883167096,4502.889652815823,0
58.27106098688426,0.5168230541183695,33.064420358815916,3900.6692459754604,0
79.04212865277331,0.2838696113697638,26.92343058963146,3931.5857234963105,0
82.1587274469096,0.5482533709821185,39.28925075645333,799.6451928816961,0
77.27034478864888,0.5660343054562682,30.215627154765247,1792.2472356678181,0
71.7593182479103,0.5747546125786459,31.50965842559352,1166.024583251179,0
101.82798729148863,0.7839607179843637,35.37727017974034,2348.827951913436,1
81.80220360476692,0.5309046835024035,25.3441736961152,2897.696717468627,0
78.07403569719689,0.6423953845541167,32.38648004404712,1823.9190668512394,0
66.75387749565239,0.6413769648291259,31.087567479693927,2803.4890873213303,0
77.7660076551118,0.49708273007734394,26.053238170487113,2192.506241372885,0
86.95480650825479,0.513931963072956,22.80786640612298,1433.0777922486382,0
,0.6110911144734433,23.650384563362266,477.0171710257931,0
95.97939339132431,0.3499197984737825,35.98066858545553,4459.192286723913,0
69.74369066014616,0.4676924257322975,26.933730926749643,56.86683002324333,0
75.32407013340136,0.6335570455536756,28.30545727162083,8.262440709855824,0
68.27514403993663,0.5975200541684766,37.25170129379531,4133.9886988177295,0
77.2327083592026,0.5369263777649904,24.38924719256793,4984.05470162895,0
57.57778307364725,0.34941675946693795,26.365025871414716,3635.514138568281,0
69.53958201183279,0.4950089766958838,26.156165857196534,76.36919031442369,0
64.07878799651434,0.4410084603750067,38.0903424058302,1133.4511333425667,0
76.35338347892291,0.5331038902817213,39.96691750291207,4859.113501309806,0
84.94447375508908,0.41906533152051195,,,0
81.46006187114551,0.39742766050253925,33.9169236207712,2833.9992190235553,0
51.28340639141108,,27.098224985736344,1184.3035472017948,0
95.4206965292788,0.6221804684976702,39.736642434521414,71.8510296337449,0
77.95279940620868,0.4600229488556943,31.33848127179331,104.30736318704503,0
67.23500859507,0.5157145783702535,34.2655513222487,3059.904317651133,0
76.5712791899094,0.4997761883525819,29.472375306145228,109.15938176211559,0
,0.3932566067039501,28.659837063361948,4968.150709626863,0
68.33151283048436,0.37409350885518067,38.31521129798059,916.9191674686905,0
76.97916667342075,0.39946848740027646,32.698618398691536,3553.5368093463867,0
68.92527712379693,0.4276831561170607,37.25687730535191,775.298607062067,0
,0.5366606247013805,31.276640858725223,2700.4671054885725,0
68.13720864244915,0.42042823364793885,25.758167317884546,403.05644233108785,0
60.673287102603474,0.6746490631594622,27.08328533560756,3833.892122666216,0
76.45836470215384,0.6027151035893151,30.51482621232305,2924.6054736241485,0
106.50010381230629,0.9986827117122771,38.67233036754604,596.4405449393249,1
80.14883596076372,0.48803410975268496,24.462692956861545,4242.930946000028,0
83.19925252635234,0.6514280735720483,36.007085158935126,,0
78.24340210014869,0.4781994368878876,27.27564964588244,4607.96155006659,0
69.67274501783096,0.4968738585845754,30.6909637389566,4583.1168683905635,0
83.39663864431189,0.5169974539749269,31.480667949428025,4602.538947432912,0
76.11346825485558,1.106749672502048,33.321760684025435,478.88967165961986,1
65.9932861748752,0.5636908079002986,37.253997331543694,604.7888087726172,0
65.35799928576755,0.4524874721555397,24.414291193976936,4938.529048580989,0
,0.4467006280574046,31.308126317903856,2438.00410699353,0
84.42788514140075,0.5639902957152084,31.23058853188292,1191.0702641457383,0
79.87305237044995,0.5715236583891232,29.72872698567926,3848.32244249329,0
85.71929865211797,0.46066488751771273,23.51543693364009,1321.4261060624099,0
66.20717217588012,0.3412811930321546,34.35408775931732,3636.0784400932116,0
78.4859511986098,0.47926839039917557,33.71755335167298,4186.428889248806,0
91.30422903313293,1.034279165295711,42.92734762001997,5431.2237856447755,1
83.46882103884914,0.6805416846419781,33.53743603602681,1370.239040989677,0
73.84775767447802,0.3802042037659338,31.87453843150388,2008.0928703961854,0
71.15057111589918,0.4573428747169426,23.596939273194458,2066.2550161663817,0
80.4090851856099,0.46105964384746234,25.730355427143213,2456.3645905223593,0
83.76169167191233,0.6355805339431502,35.6914072244479,836.8642577006801,0
68.31654805153198,0.4965058499541367,31.54708092571025,2262.350252071712,0
74.38924328647624,0.40926734406277343,27.17848527094687,2553.9149525773987,0
64.41559366358348,0.555869528292182,25.70762054413679,2658.5449829052623,0
50.019389825070604,0.45953614799590536,27.423031009422896,4099.502149922291,0
77.00459631413729,0.3775612726642046,27.777602350611478,2586.672492397476,0
81.08905356254633,0.41072266927238493,25.77018483685374,1153.919612568376,0
77.62066809086726,0.6734041954422619,21.29117943808349,3315.643691220936,0
55.50438282245633,0.5384209221649462,35.70006643200393,3986.5707204331256,0
84.6746323389206,1.1046702186088257,44.91861351472522,2292.467373583482,1
52.81652239948919,0.4750106264187954,23.633722740965702,3226.529645088026,0
88.69701107654186,0.5292148842118799,30.68155647781834,,0
64.13945417881914,0.5280235946002494,25.488808986426168,1709.6315228903202,0
87.55403609459896,0.5292168828207326,28.692163883867323,4546.119647748171,0
84.45869643684145,0.5114845090277753,28.276167100631717,4556.540815812854,0
65.99409647463938,0.586879833830555,27.860828921410636,2876.6228937153182,0
85.62629657831941,0.7721296611270384,48.68170599642056,4347.403313171716,1
78.50370216386338,0.40220611644473614,27.798371576619047,4270.077076029707,0
66.55675962816929,0.43875771090991317,25.958680874665376,4792.765926563134,0
76.02484642158207,0.30209813065102875,26.18709285251476,2449.4322014488475,0
70.17172409193081,0.7026817116042392,35.21888478200878,2807.878683130172,0
57.18841585534366,0.5862754591952687,21.739488341535328,2078.207833239151,0
52.695319808755414,0.4169929504870763,26.1868854178224,359.90968528214376,0
100.85678819148744,0.9710429880042772,50.87802002274863,2724.870512536864,1
69.38442253669375,0.43631235257935663,31.219930939988235,3953.136696915386,0
69.46910183085868,0.6542547211374117,30.959610025180567,4024.427489957643,0
81.95863839093785,0.3580122835729071,40.66073230071851,4461.885572966498,0
86.73442276632444,0.5114476058818779,31.231739764742493,257.33352587984535,0
72.2745527863819,0.4891472157435152,26.459069193202087,2635.7729479031696,0
71.59401293090139,0.5826838630709115,28.589614715618257,537.1224396853813,0
80.00143033113883,0.4895990772275305,24.322838454847158,1003.7109158287167,0
61.43064430300424,0.3241791123344565,36.27968520007848,4501.082511903032,0
77.23153054747696,0.4748882165357559,32.87280858768358,2483.9562921484794,0
80.51885971822153,0.40278377820566746,35.622070749854444,3792.724604483068,0
81.80230208417629,0.5079579546556561,36.06491964274685,321.9205296434041,0
55.63247297497535,0.6434177036520327,27.92894609536234,2084.13251962426,0
67.3864473019106,0.32605747557677217,25.276235739955553,,0
66.21736747176533,0.41997772646000964,29.74143444345977,667.0324063910665,0
75.99886954409213,0.4447307046216503,25.63619464605731,1629.0893955284157,0
79.80744579767983,0.4618368904586789,30.824784377045123,322.7390251194162,0
89.96710407445981,0.5740125664105244,35.660484404173445,3256.699704347552,0
70.05034519631927,0.48264555824386124,29.159301769754165,4854.456295290593,0
70.02427501690786,0.5415802725720446,30.749975449538695,4135.227455714148,0
86.49672018878746,0.43742269562682234,29.53077191888317,4873.115584037828,0
77.96576938530305,0.5229924345417938,34.01363786218849,4228.023975491982,0
109.02012208373938,0.9012927895888014,30.11589133765512,5191.199128993279,1
77.88728003009837,0.4267700450262911,19.017768691784504,2885.885976856713,0
63.42883381286729,0.5781358119806514,32.3543442968769,2591.2615570660496,0
61.668716452221936,0.5052372768727569,34.93917210653997,2031.271332139138,0
59.48487750941071,0.6045460240482252,32.23187122379268,4090.4744752293996,0
81.62051834758473,0.47985800999230266,26.79884752265993,910.338061390123,0
86.88596823087008,0.5381244655162098,24.324939509069655,281.124579120966,0
,0.495939376832147,32.472487658901606,4739.469113423375,0
83.4310533232324,0.4903787737959421,30.707394764673367,18.89092601738529,0
86.62838577534986,0.525893042822569,,4884.146609379259,0
69.19983667346315,0.5536807469224904,39.112316714968955,3644.266849368829,0
63.43584183256144,0.3750435088075995,25.265999529093342,1642.494598489138,0
83.50079332417553,,38.87518510563733,3489.0992154315513,0
79.176807522394,0.3140336959450202,30.1589195243532,4089.375785925637,0
76.07444374340892,0.4315187890261104,20.822147615645626,1226.8102799321796,0
78.8737148063299,0.4905730929235099,29.103986728404294,3854.4784163979098,0
78.23185482458206,0.5412355969085948,34.79748038299721,4021.848125041201,0
87.83816859853562,0.6576172527741379,28.174724835975148,1246.773150626727,0
87.94985584816956,0.3141708511774892,22.626107293808026,209.63177188991767,0
80.44220352340346,0.4492305871610289,29.17742734101915,1020.6114227904883,0
83.45802872562928,0.28731665122007344,25.71413813054147,1003.2320444469723,0
80.14062552424775,0.5031621973910247,32.459072005439815,326.2022708774159,0
70.3883026796538,0.5271683584500031,33.866999080338054,3630.0369232759795,0
82.5656467491314,0.6590795742171253,24.71864796125947,1899.874622292041,0
61.05504931140739,0.5120634760893454,26.470979724421753,4421.930837269291,0
,0.604402512944238,33.78321232553469,1260.8555283259298,0
63.05477060233965,0.5583837081539059,25.705778608505206,2266.1608254996368,0
77.85803286794733,0.4564751802994832,24.589209320860025,3195.087144633814,0
66.54846041573842,,24.106544341018726,4387.32474835889,0
80.53388983074427,0.5275002298291811,31.760193064790602,2623.105508096874,0
74.66074774072091,0.35078979828546364,31.545788597587322,1867.6231390619141,0
59.05244041836667,0.6295207072669644,26.579769848104792,4335.075392360044,0
79.20699631018479,0.4837937897963176,30.02542698064117,1551.2321234380527,0
69.22079223167289,0.6195177411511417,37.635661920775654,397.11849816288225,0
83.81146720813369,0.45197855658676006,25.12969921540889,,0
75.01325688734407,0.5268850786400991,20.241286954947753,3925.4665324899597,0
78.95420985388039,0.5209348857334689,32.27537787860185,153.90415876761543,0
65.42431044984788,0.4954955881989076,29.447994180492056,2929.4112249479604,0
69.10667768572638,0.4567340486603408,26.449874565924492,2972.3202426361804,0
70.41361363898915,0.5392456018470521,33.26040118677454,4642.708817136908,0
83.56702480242555,0.40738367365167916,34.19612572334395,1432.324085725109,0
91.77377087805489,0.37905646710409413,18.958609900599537,1394.183066053481,0
66.94828248257124,0.6242826893326827,26.73701045334256,2202.418256698391,0
85.7684814465768,0.57271679888921,41.587581155984275,1784.5745073575758,0
53.30322582274298,0.506589160860224,32.917024578990954,3681.729313446634,0
63.058105989077106,0.6665142382543782,33.38051819148575,3208.760385657748,0
65.41221543813225,0.4732234481275155,35.864471393157395,3794.6051895313317,0
61.474913105592776,0.632270321998898,30.08534412599863,4100.208955993446,0
59.1641161021242,0.5175574084925821,33.9834208004581,4614.905663670738,0
79.12998912137797,0.397524924992361,33.590310219186016,2154.683658923238,0
72.85932302272138,0.684804019177085,32.695207483763795,4923.486947357747,0
78.7940539760511,0.5990710846624085,28.389940146912977,1078.3040670182636,0
81.90472686121512,0.48789789689904356,30.860294611831293,3571.825809736643,0
77.65616993172533,0.572717125953395,27.058192178466108,2670.046586535946,0
101.43238199893042,0.9227729991209287,40.14416674994005,5116.5552272745945,1
74.3046771375773,0.5829149035059542,24.157545539503666,2383.85260303213,0
63.13006611694256,0.26089214347160405,26.046880043635237,3919.6931768121563,0
85.57814180820796,0.3980198666305406,28.588439790375354,4650.8435732383905,0
69.10887867218872,,25.28147284284962,3661.4713307004367,0
65.64403701237575,0.4750344461781081,27.474913646274118,3880.4714310916215,0
73.22082124195602,0.5207542294888742,29.18037011622242,335.87715632928064,0
65.87189080703487,0.3653214337884565,32.01131172332189,1024.788311161403,0
70.82569618010568,0.6847866995702103,34.74628650926455,4871.518702517968,0
78.44053921563466,0.6190529643717677,27.68107814310946,3465.935018936972,0
78.48341739246126,,36.67552308634312,2807.245086555023,0
66.0216993357437,0.45953041431366737,34.693055393127466,1834.8818669822504,0
70.12294627051256,0.6029604361419694,32.52046915971971,221.94500603458954,0
85.74333004770244,0.6982470450168927,30.768245646483095,1845.6795398206748,0
79.96400117733941,0.5953760255811353,31.595604209342707,2494.5643664478794,0
95.75065039348542,0.7171802667396602,35.93525575333191,1057.2975469344337,0
86.80128173741528,0.4077648670938082,36.11789829879637,865.6839563691626,0
103.325563600147,0.9309949961664309,48.87129551930968,3189.6459173441676,1
61.12131449544198,0.3811058881946651,30.206634159385015,2929.5211781377193,0
82.63860351633423,0.544176064964948,32.77483582499306,,0
74.4689319830309,0.5175603549804371,36.71773253311026,2936.9473722810653,0
99.34659466218883,0.9511673594849245,43.306658989269636,5790.175360282678,1
76.68015340532529,0.5809258628123298,28.40791573140848,2365.866290106769,0
84.45211534611484,0.6232328605214664,30.08018331506739,4286.950847935907,0
80.00831591004211,0.3474337590713158,34.49799368989703,4636.357222666592,0
66.2152619865794,0.44030279720988846,34.57586075359311,461.9701446854285,0
,0.9981230963050242,35.77332682469845,609.0651119418173,1
68.62412457924036,0.4532261316141418,22.45695272810145,2380.220914438007,0
77.16683118964286,0.42017939236418456,31.230919721479836,2940.512221588513,0
71.96649932522865,0.6018537427650394,25.408419313357996,2129.417322325146,0
72.81133748264374,0.371049993027602,22.550318976798888,1632.2538520875153,0
102.55190328486816,1.085264760031425,36.511534649782114,4683.811751368226,1
64.59806280184102,0.5328644025804808,31.631905039227803,10.407561749601335,0
94.45195074276933,0.44261800860898814,36.80518680466403,4840.366404318712,0
56.78913930705504,0.5783155656013175,30.19447258118122,1160.3954409401108,0
69.02332316745142,0.4431123024802631,31.056903273229825,4585.493842915035,0
96.99762426447576,0.9915947654807244,41.737790655534624,773.2661711676348,1
80.8431416643531,0.48742537025042276,22.277725454582228,1190.435910222863,0
73.99524279428294,0.5671270136705353,32.60088210800136,1174.3685054375019,0
74.42609296998458,0.5746023952982816,29.942051078405893,4980.764521003231,0
79.10550085327617,0.43724599972559275,32.830287294160335,23.002728629422098,0
72.6893052254232,0.29465134513441116,27.58258045798092,3198.191046517479,0
88.93181257934906,0.5360755754663835,25.910313547867588,4348.432905304264,0
83.39349114231602,0.5072288347124869,30.702544521428027,3361.3682701236835,0
83.72824351005634,0.5555826027575127,38.24595661667231,1813.6690910847208,0
65.33843276629582,0.4773472527617162,34.304550522707316,4791.546813514675,0
74.20611575594297,0.4569572301199284,27.461536149099544,4467.6037729452055,0
71.99534051279296,0.70084730109817,23.295139820093603,2169.7746012475886,0
64.94398624310534,0.3527645938489222,21.589663581511072,2866.642463055817,0
78.60164183945767,0.5733950478364238,36.58049725925241,4837.595939026203,0
69.62354242220184,0.4425398141816609,25.224588559320864,4912.80180963235,0
81.55403829850238,0.4664221382259578,28.37243293502532,2249.116378589761,0
64.29808437105669,0.46828971674260345,36.606055630387885,4236.750140715443,0
92.1904061284182,0.41965657258287425,21.93049272260504,1509.9011347696817,0
66.03667341407939,0.557122421023624,37.461322547375296,1859.0643646533233,0
77.19302337200436,0.6390643595949957,28.73179773053749,824.1094149511313,0
82.91859310388068,0.5470013661246661,24.257083423806307,1045.9229638836514,0
69.29359569799887,0.5103381996212095,28.763245364255432,3284.3665112967947,0
83.52468643432951,0.40135595009007535,26.38701609299261,2553.9080900354043,0
62.70816402199584,0.5516825265824451,32.20409899452858,1155.6593031280142,0
89.5211769918256,0.7156349631729298,26.759337830561112,2014.5480818082629,0
75.14149264965758,0.46193053762049074,20.441788945404785,1865.9172993184086,0
69.0358859203112,0.4624016420648134,28.897187327955052,4936.801022676671,0
72.00818227572566,0.44389108690190027,23.217274738567305,,0
83.08919269392719,0.451058576550558,31.021599419941598,1939.8316669191213,0
69.15544708149562,0.22547004463276155,24.06434833858338,4569.582894480165,0
67.50642310577223,0.5405035385855713,27.55993598413957,1713.1769581408557,0
72.78463402416261,0.41544478236453863,30.91293902107168,3339.507563674297,0
63.23037887230032,0.33897368812081996,28.937706374828654,4833.249983410563,0
93.20543907941816,0.5753189949732549,31.252151415005223,1951.3943199427613,0
69.33605408785277,0.3917982214958064,,3399.424825524669,0
83.31616786180403,0.4661330946116242,24.210331501343468,1479.619055313166,0
77.09470083647773,0.646644239118858,29.67801229687646,1331.5615779898733,0
65.15465949518031,0.35907842019754865,13.352481012459354,2870.7833321577596,0
74.94045290787271,0.3467401765402238,31.23666650841262,4896.322990166091,0
106.93888796686517,0.9510032799019119,35.65158744277521,3354.5060466514587,1
73.11738664913693,0.6149487364010369,25.082751182610146,4688.184851582903,0
86.93112945851028,0.3425658282268037,31.57859711148262,4571.817601223808,0
85.21515392781863,0.5407689736837177,35.86348788592534,1268.8130617249737,0
84.1891485465833,0.5580999539961692,27.619911262005285,2009.097035421637,0
70.40343227727003,0.29408395163076795,25.2759275487914,,0
64.20157552218512,0.579850133790722,30.825126312193557,2590.2294220569584,0
68.86412394637206,,23.321966666768198,479.79264931587164,0
76.9624094066672,0.4688214426743975,26.698093147322304,4968.490150635792,0
80.45786713532355,0.6252346362298008,36.11201080825251,3763.2700060564002,0
53.28428595239552,0.6136455574324845,30.31089614906144,2188.470191123559,0
74.91886798388249,0.5103117925717204,20.60266518026917,3090.8427483314567,0
76.58089225323184,0.4548554609675066,21.015041763602994,437.8640863311506,0
72.22455743684448,0.4027172107417043,30.810428463233876,2476.50826844805,0
98.68179151787344,0.9116038410499132,43.96232266170939,6844.3191945670005,1
79.21780074250871,0.5569758919704179,21.91189270686925,4483.004790274891,0
103.5769491133383,0.9544749701243864,41.939822448192785,2062.163925589265,1
72.84039479649768,0.28024989947379697,36.65171753744859,2656.8393191066943,0
84.37477492506925,0.6268713894576571,39.43929493979319,3486.9176204382343,0
91.35066394527519,0.5190223221844894,31.65611379929938,1700.0463345395267,0
88.11693449272661,0.46203755033231664,32.53401297276237,324.3960904696924,0
64.07858406571268,0.5857158388423288,19.334077861859278,2527.2082835890237,0
72.46323922457618,0.6524638596482757,40.498762739979945,3008.178679116682,0
71.54835294550203,0.21980884305121084,27.122548934519394,29.20800060755124,0
79.89254535076327,0.5434263649922072,25.332644207874793,477.87686769265315,0
81.86353555014533,0.35733507891896527,28.72396932780188,1036.4532179707614,0
84.23755071471857,1.023719730270332,47.324464895026765,2123.6244319588936,1
75.67838513916938,0.5127927202374579,41.040230237717736,2705.256114152902,0
54.800726678438636,0.563572652644055,30.62704339737922,1469.2145937983264,0
89.4194500580189,0.4500752385505345,34.99042086301827,1380.9190720325187,0
69.87625759323306,0.3126759888180848,30.21602024342752,4346.746719065409,0
75.55863939844497,0.4549631808743332,24.81102263490908,725.2532040071313,0
71.90350286011939,0.5406847635139783,37.383718353941454,2477.3006658618015,0
86.46027575013414,0.6015392328675223,26.889362598218057,4764.12358468068,0
46.62493558602621,0.3828168699527475,37.677653866859416,3125.066245580229,0
,0.6027060426873018,36.49270664884542,3586.0273994721924,0
73.94181242502302,0.43521277103534783,33.07018131978604,2156.1849569530355,0
70.46363612408317,0.5362449881594527,39.14487378127177,99.66083559859784,0
92.26226545635632,0.44901060471343673,41.16173016592869,3230.651841836027,0
66.12670541144229,0.5182170627712102,,3159.6214071406202,0
82.71796177235662,0.5891877634570275,25.956029407917843,552.1381823166654,0
78.56252788706084,0.3772985922711464,20.67865081371764,2310.7985681231576,0
104.97899966377324,0.7225742600118785,53.15093846081895,6233.820227673416,1
100.49758805249265,0.9367920250734809,37.70336945509911,1346.5175614163675,1
67.67031100876241,0.7401583661030352,,2305.493773170552,0
85.96069907477398,0.4136810287833172,26.293723162452583,2305.515926002602,0
79.2532130833011,0.7040133885996919,37.69132820456018,4053.807340738192,0
59.55062653323242,0.7004423303675171,26.499412040922934,4122.879351647223,0
69.60694985536729,0.4902688849298409,24.041404331913284,3796.3470983169595,0
78.86382653848061,0.47018474738001,28.95746784523125,1827.2707959413688,0
83.3776422154659,0.4307934801335308,27.341121495191814,360.1846250926005,0
68.20769346807045,0.4931797469667331,32.98149892730606,1747.4148861200706,0
45.85744010183059,0.3593280567440442,29.743025364037383,3398.9560063566983,0
80.23223185737034,0.49237609826794027,33.13851197275961,3513.732872445382,0
62.796793100560244,0.6496880273850856,28.54489263457353,4825.0010473835955,0
83.29653518766361,0.948079094377078,33.605152325660626,3183.5388449506804,1
65.2958218163528,0.8815051211121037,33.516915633643194,4478.976228713012,1
83.1398086019774,0.3298859525732758,40.22469399015513,2695.9543536126585,0
76.28617450404967,0.5374062088131043,31.125854661134678,753.0928005661868,0
72.74343619287748,0.5264481684951374,20.081188952734777,2306.0123606606803,0
88.89024362962762,0.506370235976577,27.398954932729595,2724.175773444971,0
81.37324683023073,0.47831729497778563,30.48433016237938,4753.748030211293,0
91.16300042721917,0.4707242081227545,39.226998406251894,1832.6952720447803,0
84.94944778943297,0.9230850064164795,48.597332645332,7166.242693116319,1
74.65449376046037,0.4971183398411377,25.391410817590426,2711.5003701204223,0
58.83286625051986,0.5314971871555332,42.09177876786225,1212.3462165152876,0
89.5557073136982,0.8982380785730483,42.34234234178359,1328.3440112710991,1
72.51384146233323,0.6123427287095762,36.231649055374724,708.4745863011588,0
81.26613637263071,0.5676994097375054,24.224957513000486,2264.664352867265,0
75.45563881141898,0.519286184315019,18.00918452374551,109.63214894461615,0
81.23407138279916,0.651842203065218,22.957842548158197,2225.226416574327,0
105.20274103763174,1.1438848853668082,24.869090768860886,7106.793875011415,1
96.54928677383143,0.6304962688790419,40.560446636264544,3350.533978611333,0
71.84703344713876,0.5606942608386638,31.07266459443208,3798.9306060020235,0
65.58977299333621,0.3158080921068457,25.376779907759843,595.0269535913127,0
77.46083615316408,0.6304834763319329,32.2631201499006,2365.504307450454,0
90.30605503279193,0.9156590305837549,44.449053750034935,2132.836730065164,1
116.30843948048832,0.8438261712428186,39.50623730230029,6518.1672045694,1
72.16781961054767,0.5281348347489577,36.047657005681344,906.4623600695626,0
69.3442363212601,0.46550168380429324,28.550394234874922,2293.66663568371,0
70.28684278848883,0.5227028860388945,25.600803469495066,2940.2385917281886,0
82.18417423471641,0.4408123933656908,34.138876071859585,2570.205457892663,0
73.42253016768515,0.627427225873437,34.01166388942233,4151.217639852037,0
68.58333179869618,0.48864118863789496,30.503679040606723,1157.265856598202,0
91.6535191762353,0.4617416157277566,40.887770943403865,1886.9555521184561,0
66.4383015933825,0.4075074184280726,27.810889385691738,3960.4214828697627,0
98.1770367935751,,40.01667531988211,3367.8619783796566,1
106.51278333329878,0.8535746268432134,42.82747966809793,2812.206259078636,1
58.686648895829265,0.5388424613677506,26.62531071543251,147.21257372415752,0
79.80260501405925,0.3972748112494871,,3766.9271200780468,0
78.57393499872882,0.7700066694206981,31.433806051520982,6447.0559200162925,1
102.49330068314664,0.948570335982857,33.23798279290516,4307.019983183253,1
65.37348988081024,0.6484641861876508,39.45420210019583,4282.706103443973,0
81.9276903184886,0.3973646377610104,27.972063216261606,2584.3787159746307,0
86.05833066294713,0.6589441283561699,26.00574227991352,1158.4048271168228,0
83.61436525632806,0.5283911058736381,35.8533939435325,72.21052117572735,0
77.51316648238102,0.49929370954491703,24.74479024856653,3266.9913379499462,0
72.686990570703,0.4602451303454222,26.53528384926466,2465.544241241223,0
69.23580423665156,0.3615481980575003,32.88280560254497,3910.4907354380075,0
89.71034690817103,0.59877285159246,34.69205711936646,3473.4120871765226,0
88.88423038104594,0.7047512318130842,45.91088148922648,6761.835281370041,1
64.62933926430004,0.42201933242623996,26.263890838897577,2551.5629170601987,0
81.6536893503283,0.5991926309886955,32.9800433649306,2135.873948365047,0
67.03863196813505,0.31170165533282734,27.6694590022791,1433.6984471964747,0
65.49936502533873,0.3476402189331833,26.97172183244684,,0
60.56395737830235,0.49818657564919183,36.01606391146143,4364.35739061461,0
70.17090160539482,0.5293284429004852,27.25222802070207,212.19862895870634,0
74.17284976103507,0.5484734647968924,31.3910229801049,4889.500236430944,0
92.46196421991927,0.7512437158114318,42.21562220571697,7179.769576104602,1
84.51306244299484,0.753036966864169,24.646228118307487,2989.1068929395087,0
80.26897923665794,0.4772107441234166,34.830464276781605,1657.721018477007,0
73.0912778044682,0.4769213847897278,32.80140446839477,1115.244841610119,0
73.0180432362028,0.42030133311861223,20.068546940647895,1382.451978424394,0
106.60528471088055,0.9593365645386114,42.04706646103124,357.658112951488,1
87.7257016292857,0.5614961232046775,26.135132829166896,2375.554792416794,0
76.263141994832,0.6203578054533461,35.48537653206314,286.62135432202916,0
70.3086914578959,0.3510715735559782,22.773000816096207,3592.3710738796262,0
65.07133998914455,0.47540046616442994,28.21761515685228,1859.6472776642704,0
60.547947355877746,0.5446703610809144,31.810122754942327,996.8236587358159,0
81.66269672043524,0.5587057534594535,30.271701470709377,2724.267789180192,0
80.77978523639557,0.5006548657804539,,4868.796536215069,0
80.77363525106662,0.5542423969532102,22.407890069953552,3475.6552450920913,0
73.71340553647944,0.41910361070741997,38.25957168433689,2458.7342505208007,0
89.0693474589175,0.6557905432318357,32.625723293941356,3884.5714962725315,0
70.15881505415183,0.5992628102979429,36.79859106500448,3687.3823594949436,0
104.02579364968628,0.7473935449942146,44.1936016812025,6680.559741607408,1
74.61257105010456,0.39248969518832444,29.941949427724783,1023.3447379697375,0
68.91649235320662,0.3953078249893094,23.579008945444198,4294.38788129366,0
106.60488271950756,0.87577259399949,37.63627679629571,2104.3386907580493,1
79.09636118683994,0.3715272233582533,37.94781666431289,4704.994639125485,0
78.56972759266927,0.46689756657919196,36.92718890828191,1405.325744733676,0
75.812784220562,0.5454704396416774,26.90200009948155,4634.2427158133805,0
74.62106918283169,0.4933834065453565,15.908478568989107,4818.9535723204,0
98.88371992870438,0.5258887515712706,28.936551328474405,727.4567872850712,0
86.84256645196173,0.39341972886512416,,4872.499416313915,0
82.22826894985512,0.5594854373397244,28.751136939798084,428.61484214641143,0
76.11799158203388,0.43867881075240034,32.64269600915701,1092.8389330626098,0
85.07157200596669,0.4675380325602059,34.38106289660831,2220.843904364023,0
80.17994776391451,0.5237731727905987,34.95149773549762,4967.986828558551,0
75.26204752774035,0.5103078221530848,32.22854570067683,2442.8152558268966,0
71.96435674734084,0.5023980019015593,20.99614649038682,2752.047215892429,0
74.19082662337311,0.4249373178023244,28.294001336533523,3472.1247476182425,0
,0.4700450588800808,41.52044891774595,4841.4677913647565,0
77.10600839297642,0.5002183590837036,31.871083674012393,3916.7570006212222,0
70.1152391988964,0.3624914766832915,31.839097842219324,1120.770022118493,0
90.92669998282884,0.45374670336866213,31.79742969886929,1514.9546533217733,0
75.19344070811755,0.5387679879032846,32.076898112529946,488.141198042622,0
63.110365804650385,0.3722563396154657,18.084439094570385,3222.261820823699,0
74.50119845871882,0.615658165159424,28.802378415444657,903.7015326961078,0
86.80302538482405,1.004986157674223,41.18682422894908,1573.3379735585224,1
79.73407415712467,0.37548494240399144,36.407476996267064,4440.5682759018855,0
77.90947364339485,0.635761963305014,30.23836447311148,1633.778376660076,0
84.57839631108267,0.48564184112878656,21.767443066990296,2833.233591770835,0
67.09118208305435,0.5418514559157055,32.15044578085876,1987.830043945885,0
75.34008096228146,0.4503348947871753,25.980876758786273,370.1564370295679,0
61.34978204573365,0.5923044827226762,23.91607179459291,1814.3191494835253,0
82.01494781924714,0.5406094018848667,25.829204766417096,2040.341015179654,0
80.18871180440122,0.41858467434023966,32.71252114832258,4478.505509557591,0
79.9580502102757,0.38347980000347115,36.29380619880034,1622.2532682316976,0
75.01619031356941,0.3539697564790777,32.414649725887934,1896.2055988103393,0
79.14772890788791,0.5187941776432756,33.16011611808511,3914.4838433616724,0
91.04339108308596,0.5572471411779736,32.36522636419001,3794.7832560579895,0
72.14905742957986,0.5650965678779442,30.50663588430234,3991.426383242454,0
76.38645183710085,0.4882018905392622,33.484653174813786,4768.85370038002,0
64.1387370081859,0.3843003544335636,17.906122664652898,3977.787491973921,0
66.31739038401668,0.4317925201976217,30.555441756524164,2038.0410160894546,0
75.97813293093307,0.6152348638961926,24.775374826888743,4107.542584490459,0
86.03933546701907,0.45153714353999186,35.8145128627207,2543.3731604496916,0
72.43719175748427,0.5143417630681476,29.2642234739157,1388.5701625928266,0
72.64083470687876,0.39243495164251124,30.15474044133915,1514.5853406550618,0
70.93114755495625,,22.47464062873098,1119.2119428169917,0
69.65243329155678,0.4542315438320922,35.08415444506426,724.964789098767,0
77.94971455708821,0.6046712713775764,33.136640601369045,922.4520592682517,0
60.027423548213555,0.5773557706206813,32.78473941170252,315.89024976909684,0
87.80939576666728,0.45042940534251,25.934885739155888,4442.254324661932,0
68.34577701870539,0.4873335972652337,26.13180077530935,4655.039048245616,0
82.21903485438142,0.4448883759959371,31.117997272229527,2933.8519624694777,0
62.30001402606124,0.358056680345499,26.527507948759744,4202.447783043425,0
81.68840130546218,0.41425575704527834,32.17446481338669,917.8555132657357,0
81.71944607814497,0.519821732772082,19.195436986166392,4508.369126134926,0
78.84202072005897,0.5325259498229582,27.562277217967036,2531.8077981525416,0
65.05571478200207,0.5148547903592638,38.983767327132455,335.8249630277754,0
77.49548189598077,0.4698266946041364,32.19742913997882,706.563722470801,0
63.16943815265611,0.5933066605720986,30.833968322654965,1544.882303934086,0
72.47236744903815,0.5063541904560938,39.92613267835678,217.78790177375717,0
85.29413100955325,0.5703253828095948,18.32023190599282,1546.466890087218,0
82.96701927070742,0.32262248677974814,25.92344442605946,299.65216559445895,0
75.15182942540433,0.10775997483816574,27.994134141263054,1180.138025964126,0
65.25193424077158,0.528378802783808,34.29175616502695,1328.348779282208,0
81.45587712174193,0.3575234346278511,34.37828181614118,4971.844881833969,0
75.19381237698025,0.4787548297286944,25.66996645508687,1177.7333688183223,0
51.79684401769577,0.46979029589753946,34.98977161071275,1195.9322446929016,0
82.82629826316519,0.6587400602415537,27.983426163391464,3433.944841791925,0
74.75767166130308,0.5399996552943607,36.058198128245834,4296.78739258226,0
87.02451247983072,0.5165859026798673,24.83678650938971,1935.2770630104326,0
64.04729481157196,0.5836991154633674,29.3834420046692,4378.090099703462,0
43.23296186803999,0.5368497586839038,,1700.7101037387856,0
77.79083858345186,0.4542323007011567,35.28015185782857,985.0793980750966,0
77.91563676681973,0.607147593025456,27.386093917169145,1648.1941216386176,0
58.093283723935485,0.38902498721117257,29.78775735494122,3046.7818696399618,0
,0.5323247187533562,32.53405698831524,1835.7157965603687,0
102.55217743719902,0.3452430205863689,32.7262924151306,3364.469019946444,0
71.94389385846196,0.5203943857515995,34.434763037365855,1184.679397112412,0
82.30958976376216,0.5192989641772929,31.055623884223333,3504.964469945744,0
68.49340172631616,0.6676454961914663,27.908755423600844,1737.1918162423333,0
54.09697101146843,0.34350261065582205,28.251506273206246,2279.3418580096727,0
73.29741753204094,0.43991128241461874,30.12836157603806,2788.7257022144795,0
72.34395439713894,0.5822682426574144,31.247962380371916,3431.1250159299684,0
71.00121761331629,0.5335317256397307,29.26414176075782,1193.5684592436685,0
73.85359164493607,,30.096017104827737,4179.727687054053,0
77.64268271645636,0.40438642970414607,22.413730697139474,3609.213748776199,0
101.31482125374711,0.82694447697348,44.319603297299096,1667.6871625654856,1
62.35993832052636,0.6245041008223257,30.905561444447148,4874.872813014552,0
79.86184791561939,0.4948490806246072,35.00935206770544,3323.984955152292,0
74.53240924077619,1.0227653146445146,41.179137115231526,3176.1710464987973,1
54.496425427158,0.4884811671223521,21.308012107391068,787.6366277675817,0
82.39180494701569,0.38169144847502345,28.207769053466624,2666.105011540657,0
80.07020272135357,0.5933810426074997,29.000350384407916,823.8794341355909,0
74.42604634925964,0.5503232384532496,33.714516527167994,2147.458393489219,0
61.04551495244928,0.7305636837367189,19.648632277433023,2043.5626136975943,0
67.92089059325924,0.39844186203494547,30.205897584744676,3599.6982217373006,0
72.37253252313496,0.5822572921200481,32.56837607896653,961.915906121249,0
59.041060314258864,0.3688456033962999,26.692560573592402,4109.356774354229,0
67.60971341976767,0.5157346567673078,30.37314004908424,1630.661635080829,0
103.00905296122718,0.9725688821456456,34.51303528160217,2843.559617666778,1
89.27305364289217,0.29278648839035126,26.352135333898048,3861.7048777692125,0
70.8056524734145,0.4795067525758392,27.957900749343416,3126.961998567574,0
82.56488354316099,0.443679026595738,26.446540037664946,1540.1267590096868,0
55.859399294125325,0.42980427017048783,33.41809155968166,1931.0146227294051,0
81.59451241113612,0.5385212652259355,26.325240615823112,1528.9340699480508,0
66.9605158527252,0.6120685706422595,25.485449964760363,2973.850836385786,0
78.0734561670797,0.48667212847708446,38.83964333419767,1663.1226660341986,0
96.40745325059169,,41.46897381228505,4728.346528281946,1
111.48866221126002,1.00451936247444,26.829351755107766,3530.2283992548323,1
66.25564351660081,0.5001803506356414,26.176158550737334,728.5330587375449,0
81.27606297561832,0.3910657362287894,31.212314858613553,1551.343093399412,0
72.20492536703466,0.6108444601722893,31.618775336157466,1107.2372095507787,0
73.41694521990337,0.5295195368158836,22.547535671315533,1951.5660627574266,0
73.1614610684079,0.5394881490002578,35.79282746411161,2579.9204310468153,0
66.54326895505886,0.41934903709744176,34.12612209590813,2533.8142864205493,0
74.85901034093328,0.45407796020107594,32.409508160201696,3772.618382816445,0
74.37351777878179,0.48238658022892217,36.7836424535606,945.8593180085468,0
77.41240248406729,0.34658753065511483,32.26144996285459,4732.364146487234,0
,0.3311965674802322,32.242904396259235,1714.2255344108432,0
82.97994549612237,,37.78839635911121,1501.2442345806926,0
84.23508616047368,0.552252076644239,35.50609790363855,3425.892890901099,0
64.49376678172199,0.4346862610070059,25.792462705442343,4027.5831434153124,0
83.68772500590771,0.39811948024092864,33.16597589335958,1892.358824068267,0
80.72891443959621,0.7691221680486299,37.60852395724742,5176.324697922124,1
,0.4544657576854687,32.52077275475139,4418.679780680273,0
81.1973878470287,0.4646141037179896,32.38306753509907,3834.018326034787,0
55.88683108337496,0.7165521452206557,23.082663437720072,170.98242785416494,0
90.30165690500993,1.027715646962681,37.5688753191192,5106.87531094787,1
,0.6024774112281728,31.32628511790201,3872.404792271837,0
67.41234742064626,0.6168580364273382,27.818549045029215,3346.45119076593,0
88.50852330699006,0.40011791306659505,31.5735497119538,3800.1120954395174,0
68.46320859362581,0.3777635385012761,,4897.126979159694,0
66.9362307088195,0.38931297084659433,29.84703467884622,2155.564439091748,0
75.75694940005093,0.6334506133337838,31.122997383541296,336.11617477298904,0
81.85589746298416,0.4452808211117509,36.91712039277988,2304.4498481385835,0
73.58351413989872,0.3748643817760713,32.36598291612613,232.16827695523966,0
86.66370545669253,0.4569003799780187,31.00412144837237,1471.2520404423058,0
80.30975661964091,0.47613944682853726,25.209603101793196,2934.3989589837947,0
53.2178868026857,0.5268413273694562,33.35513005694425,1548.1144646307814,0
69.70533036492992,0.5250951020712042,31.650749746959693,3426.976229547693,0
69.38157900648301,0.41718194361264915,36.41869716850704,4109.931638428606,0
79.79360953429422,0.568565639251371,30.234392716516556,2102.1958963976845,0
48.75182943625888,0.4360806466249842,20.91866749933002,4500.689756465018,0
100.49009708717722,0.4843723663294957,21.49939565585869,399.19465675200104,0
80.3102609489421,0.5686774070503355,33.678403818798664,4200.565821002249,0
76.4887680391769,0.43581785960556585,27.149032011509235,4142.865727196495,0
86.81567716419147,0.44306485764188624,32.183838755552486,1609.9694816338244,0
98.43654052812624,0.5591668049693131,30.57116322251178,1493.5759356230749,0
83.70746644588404,0.41422668233949805,29.165801661530395,1525.474905767563,0
84.4881309647162,0.4615207976395929,29.518193572058884,4056.968561722055,0
76.30690024464383,0.5555742178042893,25.673052474773865,4158.267438050975,0
73.58474246633051,0.7054092441435975,29.921111555501646,1648.612294138338,0
70.242045559951,0.5605404504762747,27.077532836028006,2962.951737222309,0
66.73888008285458,0.5472639762990011,28.138717399371476,694.6661472022724,0
68.12985900300502,0.553080158367273,28.381754776454194,2343.8936914051105,0
61.494440356570166,0.39268097259329504,28.866533650506405,4993.964254277691,0
74.24128549314976,0.5115596738679908,34.61086728253543,794.1957385312343,0
58.153324227736135,0.4970233511663598,29.351045853976533,4737.813199800295,0
76.90916524143711,0.5321584540372756,35.11851168295049,4121.273609825039,0
74.63669391957659,0.5116508052475871,,4861.073254731349,0
76.46935298386688,0.5379699677417112,34.27472325528075,897.8938030526651,0
69.77868429980008,0.46885328051007985,32.672342675342556,1067.5924522168211,0
105.76860370180503,0.5058608917371793,31.634161047417603,84.33590867429342,0
88.60115900180313,0.3772171433943008,34.326793545250354,3623.509064578028,0
62.55457499915277,0.4680092721997086,30.4468036929812,3220.4734671809283,0
77.32868087426898,0.6390833548176643,34.922849229785996,890.3271916236605,0
68.91993857062677,0.5318808339628256,33.07052902644842,3955.7248277103595,0
64.85520273292586,0.4979078962616923,28.20079769609806,1495.977530658627,0
61.599279288760656,0.6896123276254347,34.47925440051403,674.9778466531758,0
79.32216690759253,0.3639165021698921,30.457400029887843,2112.8133250967408,0
68.18619764930426,0.389054444455378,29.46933996193842,454.84924213428036,0
84.67826024025204,0.6712711411276273,27.619004198005065,1316.2182813662332,0
84.9378221453044,0.5045960936048934,30.830094239372862,1856.6667921367307,0
88.7391438521145,0.4757416963710206,34.982313077064916,4259.320872570749,0
66.47613233925897,0.3800795674904357,34.44470002796518,3962.743706466107,0
79.7536561069201,0.5447696266395012,31.766968987294785,2213.771428753091,0
81.32454216642302,0.5544459869527463,32.99821820362518,3622.8752887619376,0
95.31140188610749,0.794380012641715,45.26852257969594,4177.161334353466,1
67.28228042607125,0.48597244144495716,29.250168544145694,1704.2092753903403,0
91.09520665775973,0.4664484167966934,24.42289998234897,3629.371717476424,0
77.27495875732053,0.5255977146418771,36.505649260892866,3417.49577233189,0
81.35967750711738,0.3880749757779356,27.35110873984641,3095.47221096801,0
66.77923988172073,0.6251947454513157,26.548309383280476,3089.777605216253,0
77.70640842999438,1.2541682176915603,23.119582091261137,4945.504916136876,1
69.30550225507889,0.4636824441267184,32.85641526582148,1922.7275632126912,0
73.75978612610002,0.47835812883616285,21.892736877238892,4345.379075338512,0
81.49537589910071,0.9615591895784128,35.35485841294193,1159.0908151090014,1
74.90155191349616,0.42216914469934963,32.941183972575296,4419.42731619577,0
58.114948119315,0.45565705817649643,33.60960626204186,1711.4092151599718,0
63.79952577530128,0.4729729632325391,26.741479258908832,625.1580780431126,0
81.70911248276875,0.6612868370707128,29.32923336503797,3000.1370133956493,0
81.03790520277894,0.5946618308330437,25.637027367969235,1879.9333453520262,0
71.08123234613133,0.5934654707336624,27.258016060944087,4077.498635517596,0
64.82235690923046,0.536992561300439,31.331076300764536,2153.9273426438367,0
64.72596448473989,0.3882672991068765,27.491766606017713,3342.812627810549,0
71.26731754058686,0.4958508895422621,28.778924799121654,1541.2899475241277,0
99.95029939107305,0.839658503541511,31.592036997296034,1447.6431286202442,1
84.28245691344324,0.37417353706327117,35.664780824030686,1940.245154744119,0
70.03468264518031,0.5636553206873265,32.550332965855326,3034.0391730121673,0
63.46507574015216,0.7322609225262766,33.96452685918601,3284.733696056759,0
77.67843637866333,0.6061816645989732,36.45212662308431,2891.033326490092,0
66.76465029374151,,25.873935622271418,4940.278593120544,0
69.81747361138798,0.5218338750442161,28.20802758485988,3455.4509324758264,0
88.25276090437038,0.596793194876499,20.525828162088946,4657.598137984589,0
83.27115428565767,0.42821467856459644,45.70211455051118,589.6659744758725,0
76.57974312251451,0.5795863812341226,29.25207342341312,306.8646490673943,0
62.280809988872775,0.5654388134060764,35.19363949957456,1554.9735100597684,0
77.11396567470659,0.5289911174037663,23.809194278322707,682.9446918821197,0
85.62657290787527,0.6316007419718499,34.981942128215046,2629.3426411413384,0
71.24366334234465,0.44612151621526114,39.28795438324833,2594.9062676163935,0
109.80469170265778,0.9014108071837854,41.654600622418336,3542.264751636443,1
87.92745289518207,0.5095462041358296,24.945592517051992,3726.1394041553635,0
91.63732832143474,,29.30601799527232,4856.6485010616,0
78.05243126531353,0.5226931943800248,18.86619237521387,4391.293457195732,0
80.87391699806012,0.32810695870461526,29.81056649489079,,0
89.1418728833109,0.6046954534428209,34.104835696564976,1692.5684438532862,0
79.47393937068975,0.5046637366565966,29.82121177813243,1279.1151252402094,0
69.98765892209788,0.44791070960962365,28.579302226555164,884.086788898964,0
70.51457163472139,0.4165626387704878,32.637840580560166,2723.6243832789223,0
77.38554953773739,0.47654209703808126,33.02012423474776,2766.3220101636525,0
62.09438578053781,0.5688259710772413,,1136.2241394403065,0
73.56741084635807,0.5547738978737561,30.44411481139394,3559.4862515334275,0
85.96547118230254,0.4294462052721539,42.17992562114622,3664.571495847526,0
53.08746148834719,0.4153960327372366,23.32491877175988,104.89997416966656,0
90.34482101794515,0.5656898706319647,29.572905835834668,1978.7885186115827,0
86.22374218703159,0.42776525953849703,39.70873061025851,4450.703206008106,0
70.40235384169523,0.5059909774079504,35.52087578271838,2601.593041219191,0
80.43390827871809,0.5123754642524277,27.433016596119693,1738.1390071949716,0
75.03147726906326,0.5312062131726738,31.03067689811302,1268.3807579756506,0
87.29990368438683,0.5858270430181872,29.98944160007588,1216.7725995914113,0
84.82683142769942,0.3737037063132677,26.259640978391662,498.84016925403176,0
60.99929276816991,0.30888406747395125,29.62873946253459,4086.1320954654607,0
80.87262413464177,0.44325527187716485,28.600169335967355,433.28702697085606,0
72.94372146356753,0.6801528407832186,30.56374469038375,1461.473829309079,0
75.828325705181,0.7022174100087378,26.258084096544835,228.37869283176605,0
67.71828099030185,0.6831177135565888,23.616908998776694,3906.9328486185022,0
92.48137069120835,0.48070186322393105,29.793596133038147,196.4184111339523,0
85.40061819902576,0.32178849180151714,38.5755910908939,1541.5055193410421,0
67.60228836027032,0.2656960898348159,30.411014631313982,2866.4868504333203,0
88.37833444109233,0.9012943503247423,37.67498804023372,2653.808404503941,1
91.48127517138377,0.8914287905594495,43.442156833800695,2072.7242941768227,1
79.34502646091306,0.6300625401055959,29.20840193702311,1375.9453621377083,0
77.40205843946222,0.5867805459542446,39.34016462479555,3988.951530031247,0
87.53132824768244,0.522740507899162,29.98043745352461,4869.890475436226,0
99.56529823245197,0.9132550732534037,41.94092207601393,2265.3603057438318,1
104.10035633800348,0.8014083994839704,34.529538723181254,252.26324493595772,1
78.26855400610437,0.5254127687071435,32.51544626668331,182.8288895455421,0
61.1070126978901,0.5697050978839726,31.37546738471877,3796.0670760535904,0
73.04301468853099,0.5391881262245585,29.71746937670396,2761.8491080456347,0
101.50860903251643,0.8881255098707428,36.077588519466815,5209.983662819848,1
74.48477071475354,0.5650667628792087,26.80984917173813,3487.485051442874,0
80.03090368623747,0.5425910967101412,31.411763319898263,4537.531746326983,0
71.81251684753867,0.3929333593809822,33.14469554848237,4429.121455233118,0
86.89607302425388,0.792032167701155,39.3510401884697,5696.584370569856,1
73.76655935953889,0.5688495974561567,31.43633964560396,2375.9458002107185,0
78.09047443032654,0.4765492464854109,29.81042660933615,1540.6320380192624,0
68.44312280538557,0.6589147301636458,30.49263012452694,2535.1339372231996,0
72.64288755143332,0.5501129276064576,28.997775086613874,2510.358036599118,0
65.60536758014017,0.45133688118107307,30.08986289684154,3051.377744446688,0
86.19244917564096,0.4989794399609067,43.49020228408713,930.4878389145205,0
72.05544242411966,0.5063383392637718,31.558171494037126,3278.099402224944,0
89.52755545126183,0.427160968675829,33.22648479215521,2283.004621029079,0
90.28747850540908,0.4087411801822373,32.190118026640484,3101.024159704296,0
74.18954035278256,0.57013898938095,28.685915883514703,1198.0241145977284,0
64.9155126745265,0.5845273297042095,36.46994606645834,,0
54.14102122266662,0.5603781469552959,,1051.0060722626013,0
60.279629269732084,0.6515318094323802,35.27527274471276,4376.525783784008,0
61.2616517510134,0.4458226763988398,28.328965009667755,2439.8052252076877,0
88.78469627461504,0.6674270766071131,25.200137404279793,1124.9070778690607,0
76.15824587226946,0.40990788814458473,31.826981041180964,206.04347870773142,0
,0.3987314436631507,24.476658219489465,3378.6933232677093,0
52.795789910648736,0.32400411178507493,32.67820112508305,1073.2235699487785,0
63.020335707827385,0.4554204686173183,24.029206719543417,4947.910961593891,0
83.87079776446286,0.44962776631705464,28.404959847635734,2668.501867075858,0
77.86774112382587,0.552593728025465,22.841351517376292,1444.8849812401604,0
73.52794721314403,0.524389094162045,44.12083504701364,3288.3871689631515,0
80.64842358600123,0.3807026628980863,21.73020220191843,1376.0996171904278,0
91.35797806135815,0.4607273761574182,30.049068701982023,4101.371469548732,0
72.7895753646295,0.46285379789123143,35.71652137165007,,0
75.69369802658069,0.32240177530381076,35.18192954293512,4941.238661979546,0
100.59828651393849,0.7614542105667517,45.45641857504962,4006.98990455385,1
98.92109635273992,0.42291863693859105,28.41385805889262,4222.055744713317,0
54.006437355809744,0.6433625019820947,36.75544473168501,364.0773478921111,0
81.83223014788808,0.5191450715957353,34.566955454010916,1741.497086930941,0
94.34125828100511,1.044401206719107,42.24125928029579,4585.911665003926,1
80.6677172618418,0.3501364502850788,31.20290378863296,3275.2950867029135,0
68.42627446005275,0.6194214483013992,28.480386761923135,971.2156071687889,0
74.5103496914155,0.6301102063024093,25.451739870834807,1781.0146525485493,0
82.11410579465495,0.30016550328553737,36.185754877393585,1317.2170374377047,0
106.1291020104384,0.4294683276084152,36.56103996800766,3066.8508488092148,0
83.08036189402071,,25.579454294850393,1722.8411472938749,0
66.51934401969491,0.5644388453538183,29.23107417426904,1545.271210001749,0
